-- phpMyAdmin SQL Dump
-- version 5.2.1
-- https://www.phpmyadmin.net/
--
-- Host: 127.0.0.1
-- Generation Time: Dec 13, 2025 at 02:35 PM
-- Server version: 10.4.32-MariaDB
-- PHP Version: 8.2.12

SET SQL_MODE = "NO_AUTO_VALUE_ON_ZERO";
START TRANSACTION;
SET time_zone = "+00:00";


/*!40101 SET @OLD_CHARACTER_SET_CLIENT=@@CHARACTER_SET_CLIENT */;
/*!40101 SET @OLD_CHARACTER_SET_RESULTS=@@CHARACTER_SET_RESULTS */;
/*!40101 SET @OLD_COLLATION_CONNECTION=@@COLLATION_CONNECTION */;
/*!40101 SET NAMES utf8mb4 */;

--
-- Database: `dibassories`
--

-- --------------------------------------------------------

--
-- Table structure for table `dibas_accounts`
--

CREATE TABLE `dibas_accounts` (
  `id` varchar(32) NOT NULL,
  `username` varchar(64) NOT NULL,
  `password` varchar(60) NOT NULL,
  `email` varchar(320) NOT NULL,
  `fname` varchar(32) NOT NULL,
  `lname` varchar(32) NOT NULL,
  `phone` varchar(12) NOT NULL,
  `pangirno` varchar(12) DEFAULT NULL,
  `address` varchar(512) NOT NULL,
  `zipcode` varchar(16) NOT NULL,
  `card_number` varchar(16) DEFAULT NULL,
  `card_terminal` varchar(32) DEFAULT NULL,
  `wallet_balance` decimal(12,2) NOT NULL DEFAULT 0.00,
  `instagram` varchar(128) DEFAULT NULL,
  `telegram` varchar(128) DEFAULT NULL,
  `role` tinyint(4) NOT NULL,
  `status` tinyint(4) NOT NULL,
  `created_at` datetime NOT NULL DEFAULT current_timestamp()
) ENGINE=InnoDB DEFAULT CHARSET=utf8mb4 COLLATE=utf8mb4_general_ci;

--
-- Dumping data for table `dibas_accounts`
--

INSERT INTO `dibas_accounts` (`id`, `username`, `password`, `email`, `fname`, `lname`, `phone`, `pangirno`, `address`, `zipcode`, `card_number`, `card_terminal`, `wallet_balance`, `instagram`, `telegram`, `role`, `status`, `created_at`) VALUES
('693d597b3b882693d597b3b884693d59', 'AryaFardmanesh', '$2y$10$A4K2xA2I0czvAQSo8xX8oOTecXgEo/TEWqDjxQyHSlTRHLAIBhytS', 'AryaFardmanesh.1383@gmail.com', 'آریا', 'فردمنش', '09121208989', '0150873520', 'تهران, میدان دانشگاه, خیابان سیمون بلوار, خیابان انصارالمهدی, دانشگده سما جنت آباد.', '1475914779', '5022291323698546', '330570040380016639844101', 100000000.00, 'https://www.instagram.com/AryaFardmanesh', 'https://t.me/AryaFardmanesh', 30, 0, '2025-12-13 15:59:03'),
('693d597fc68ca693d597fc68cc693d59', 'ostad_yaghoubi', '$2y$10$g1n.c1UzKzo6Am46OH1yheWNV0B.YP1MkprhowmaztxNUCDVVatOa', 'Yaghoubi.n@gmail.com', 'استاد', 'یعقوبی', '09121111111', '0150983520', 'تهران, میدان دانشگاه, خیابان سیمون بلوار, خیابان انصارالمهدی, دانشگده سما جنت آباد.', '1476725179', '5022291223698546', '330570040381116639844101', 100000000.00, 'https://www.instagram.com/Yaghoubi.n', 'https://t.me/Yaghoubi.n', 30, 0, '2025-12-13 15:59:03'),
('693d5fb243d7d693d5fb243d7f693d5f', 'x8aAhUmNyyDFxq1hPFqMZAj', '$2y$10$2VjPFeuKZY3AZ66Jf6.jieihyQogIpPOLbJNUjO77w6LaNd2TU..G', 'x8aAhUmNyyDFxq1hPFqMZAj@gmail.com', 'آریان', 'صالحی', '09113694549', NULL, 'مشهد، بلوار سجاد، خیابان بهارستان، کوچه گل‌ها، پلاک ۸، واحد ۵', '5638012936', NULL, NULL, 310704.00, NULL, NULL, 10, 0, '2025-12-13 16:15:25'),
('693d5fb253dc2693d5fb253dc5693d5f', 'I1V13iRGm6Ry', '$2y$10$waci4JpsFkOnJVcY0.jDnOquWkEUyzGXRRSZ175vFBAawBW3Chbki', 'I1V13iRGm6Ry@gmail.com', 'آریامن', 'ضابطی', '09129847777', NULL, 'قم، خیابان صفائیه، میدان شهید صدوقی، کوچه یاس، پلاک ۹', '1137808916', NULL, NULL, 9600072.00, NULL, NULL, 10, 0, '2025-12-13 16:15:25'),
('693d5fb263d9f693d5fb263da2693d5f', 'tpk93uEg35xsUQZOMsj7SO3L', '$2y$10$PEbgpqvDgcfjs.o0OAb9bedbeouU6Yax/xG3ObjDM.8aN.l0Gdcru', 'tpk93uEg35xsUQZOMsj7SO3L@gmail.com', 'بیژن', 'کاظمی', '09114775236', NULL, 'رشت، گلسار، خیابان ۱۰۲، کوچه پامچال، پلاک ۱۵، طبقه اول', '9459069623', NULL, NULL, 5559690.00, NULL, NULL, 10, 0, '2025-12-13 16:15:25'),
('693d5fb273a9e693d5fb273aa0693d5f', 'QQ1krgWAXNvmGZfMQ8Kgep9f', '$2y$10$zuI5jzpcnR5TX2xeiDrJq.pa65C1icbSY/sVF6RT1Jl0Ito7h3FYG', 'QQ1krgWAXNvmGZfMQ8Kgep9f@gmail.com', 'رها', 'کامکار', '09115234665', NULL, 'کرج، عظیمیه، بلوار استقلال، کوچه سرو، پلاک ۲۳، واحد ۴', '4777040675', NULL, NULL, 1919610.00, NULL, NULL, 10, 0, '2025-12-13 16:15:25'),
('693d5fb283613693d5fb283616693d5f', 'Yu7h7dOIeziwm', '$2y$10$llPx8txjTaq5mzcuaSmdK.6cjxxowisOoy7xInQB7GFtaplgLJyCe', 'Yu7h7dOIeziwm@gmail.com', 'آفریدون', 'شیرازی', '09231777729', NULL, 'کرمان، بلوار جمهوری اسلامی، کوچه بوستان، پلاک ۱۸، واحد ۲', '5376038558', NULL, NULL, 5601301.00, NULL, NULL, 10, 0, '2025-12-13 16:15:25'),
('693d5fb292c7d693d5fb292c80693d5f', 'vSJeenoTiMT7K7b5mzyueCRb5y', '$2y$10$vnrc.oCKwFcc.f9X9PeBc.5yd2IAUEesi9M0HjH/AW6VNRQ6lecvy', 'vSJeenoTiMT7K7b5mzyueCRb5y@gmail.com', 'آرتا', 'کریمی', '09122218645', NULL, 'همدان، میدان بوعلی، خیابان اکباتان، کوچه فرهنگ، پلاک ۵', '8775006104', NULL, NULL, 5206462.00, NULL, NULL, 10, 0, '2025-12-13 16:15:25'),
('693d5fb2a2b7d693d5fb2a2b80693d5f', '4VpnxXythK0', '$2y$10$UwksskY70XToyzV2i5E3bOpjSXyKFJEfyMtEGn5KTJ52v.L5rfpUO', '4VpnxXythK0@gmail.com', 'بامشاد', 'براتی', '09027597638', NULL, 'اهواز، کیانپارس، خیابان ۱۲ غربی، مجتمع نخلستان، واحد ۷', '0474295161', NULL, NULL, 7180553.00, NULL, NULL, 10, 0, '2025-12-13 16:15:25'),
('693d5fb2b2b51693d5fb2b2b53693d5f', 'VSB2Ucv7KcBeIfAEa2', '$2y$10$QVmInB3AKU.ra98nW3kVteo8di0G2LVH0IBwEVET02d4jCMLoyOWq', 'VSB2Ucv7KcBeIfAEa2@gmail.com', 'برومند', 'طباطبایی', '09124114812', NULL, 'قم، خیابان صفائیه، میدان شهید صدوقی، کوچه یاس، پلاک ۹', '8546780735', NULL, NULL, 1645944.00, NULL, NULL, 10, 0, '2025-12-13 16:15:25'),
('693d5fb2c2c1e693d5fb2c2c21693d5f', 'GpbIaSJBVN', '$2y$10$dCKCLoP9uSSn0XvLDEsXOuahd4g9yej9xYfoXLkMYnKp7v9cg88ja', 'GpbIaSJBVN@gmail.com', 'برومند', 'کمالی', '09127394494', NULL, 'بوشهر، خیابان بهمنی، ساحل غربی، کوچه مروارید، پلاک ۱۴', '3947819288', NULL, NULL, 1668545.00, NULL, NULL, 10, 0, '2025-12-13 16:15:25'),
('693d5fb2d25b5693d5fb2d25b8693d5f', 'H8ZjnR7R9xOqv', '$2y$10$NTrQDQ6IXR0NyUy4RQuoR.m/Z2tX7GkgiAe5HlklSK8g3S0yyhbcO', 'H8ZjnR7R9xOqv@gmail.com', 'آرتا', 'گیلانی', '09119297924', NULL, 'اصفهان، خیابان چهارباغ عباسی، کوچه شهید رجایی، ساختمان آریا، طبقه دوم', '6189666529', NULL, NULL, 7676685.00, NULL, NULL, 10, 0, '2025-12-13 16:15:25'),
('693d5fb2e1dc1693d5fb2e1dc3693d5f', 'NcYz3gHhUbq4I4TWmgzR4EAjH', '$2y$10$q.t5gNDDyYKzl71vOaxsQedOvq6l1ux09K81hynUyHXPyhtETBI1S', 'NcYz3gHhUbq4I4TWmgzR4EAjH@gmail.com', 'اروشا', 'کمالی', '09237741939', '5458621323', 'مرودشت، خیابان تخت جمشید، کوچه حافظ، پلاک ۳', '0118376250', '5029386819610665', '362461418321138972311199', 2290645.00, 'https://www.instagram.com/NcYz3gHhUbq4I4TWmgzR4EAjH', 'https://t.me/NcYz3gHhUbq4I4TWmgzR4EAjH', 20, 0, '2025-12-13 16:15:25'),
('693d5fb2f176b693d5fb2f176e693d5f', 'HFRYwUe9JBz3', '$2y$10$hn4kD5qOo/BOEDyyJmzB1.NXrlGOqKVySCS47DX/29zeYnwq8vOFa', 'HFRYwUe9JBz3@gmail.com', 'تورج', 'کشوری', '09234361155', NULL, 'شهریار، اندیشه فاز ۳، خیابان گل‌ها، پلاک ۲۱، واحد ۲', '2769910534', NULL, NULL, 4813831.00, NULL, NULL, 10, 0, '2025-12-13 16:15:25'),
('693d5fb30cff2693d5fb30cff5693d5f', 'QDbOFCo8uRyPGInb6', '$2y$10$IaDvBo/5RKKq/wqh4./mhe9TZssQ68uCPb1hvqFKPpAF8KggkMFae', 'QDbOFCo8uRyPGInb6@gmail.com', 'خسرو', 'کرمی', '09116164443', NULL, 'نجف‌آباد، خیابان منتظری، کوچه زیتون، ساختمان یکتا', '4219025249', NULL, NULL, 4083710.00, NULL, NULL, 10, 0, '2025-12-13 16:15:25'),
('693d5fb31c938693d5fb31c93b693d5f', 'byGZEWrpc7fTHMqOR2GLymZ97f', '$2y$10$kjo6HLuJtIWMHA0en7X1NuwqVryRKGBKa6XDUc0pz7VwnhDRc4KJS', 'byGZEWrpc7fTHMqOR2GLymZ97f@gmail.com', 'خسرو', 'کامکار', '09116522424', NULL, 'اصفهان، خیابان چهارباغ عباسی، کوچه شهید رجایی، ساختمان آریا، طبقه دوم', '3164919390', NULL, NULL, 4214968.00, NULL, NULL, 10, 0, '2025-12-13 16:15:25'),
('693d5fb32c38d693d5fb32c38f693d5f', 'rVfkCdGdYpGAEbhxdUraS17L3', '$2y$10$PKK2JT0OYcuFMma/H0y7q.2upJXoBny3bCzQ.iYPSXthhn3WIvGiC', 'rVfkCdGdYpGAEbhxdUraS17L3@gmail.com', 'خسرو', 'سلطانی', '09231748336', NULL, 'اصفهان، خیابان چهارباغ عباسی، کوچه شهید رجایی، ساختمان آریا، طبقه دوم', '7677751076', NULL, NULL, 7597313.00, NULL, NULL, 10, 0, '2025-12-13 16:15:25'),
('693d5fb33c0f3693d5fb33c0f6693d5f', '6re9FMA5Fgyvn7V6CZZRb', '$2y$10$GMYkjSsIP25pMty7B7tHaeRwtnxFf94jUqvstVPpK/Uu6YSsEETcy', '6re9FMA5Fgyvn7V6CZZRb@gmail.com', 'بابک', 'کاظمی', '09022285432', NULL, 'سنندج، خیابان پاسداران، کوچه ارغوان، پلاک ۲۰، واحد ۳', '5428805341', NULL, NULL, 9914262.00, NULL, NULL, 10, 0, '2025-12-13 16:15:25'),
('693d5fb34bbd2693d5fb34bbd5693d5f', 'QE4l13UlSKd3S7yQLxOh6qqzhkl39', '$2y$10$cyjRXterPv0XqFAMW1//8.k89an0iQJ9wOVRUF517jRj0q7rQMmre', 'QE4l13UlSKd3S7yQLxOh6qqzhkl39@gmail.com', 'پریا', 'کشوری', '09235389841', NULL, 'شهریار، اندیشه فاز ۳، خیابان گل‌ها، پلاک ۲۱، واحد ۲', '5347006362', NULL, NULL, 451561.00, NULL, NULL, 10, 0, '2025-12-13 16:15:25'),
('693d5fb35ba08693d5fb35ba0a693d5f', '2Ib8RQn8n161V22KdORpK', '$2y$10$t9d4VNZSeKyIFwvpmYfgS.SVSUuATyINp5PQ6ADQBYs.MvXZv514y', '2Ib8RQn8n161V22KdORpK@gmail.com', 'آریان', 'سلطانی', '09123899546', NULL, 'آمل، خیابان طالب آملی، کوچه گلریز، مجتمع نارنجستان', '2209561406', NULL, NULL, 9588051.00, NULL, NULL, 10, 0, '2025-12-13 16:15:25'),
('693d5fb36b08c693d5fb36b08f693d5f', '0Jf86xMBoEAE7acp', '$2y$10$paGxsGBDo9FkiKifiltH3eV/yTmHfI6Z13Fd.2TgzbTet2KEUg7gS', '0Jf86xMBoEAE7acp@gmail.com', 'بیژن', 'گیلانی', '09024888692', NULL, 'اندیمشک، خیابان آزادی، کوچه فرهنگیان، پلاک ۱۳', '5883231388', NULL, NULL, 2219375.00, NULL, NULL, 10, 0, '2025-12-13 16:15:25'),
('693d5fb37ad6a693d5fb37ad6d693d5f', 'LmBTbJWZHM7V8MWiJm', '$2y$10$rv69JRET8rh5ZirF0wTgX.hwbUKJAcyeAKifW20sliZvjcAEE0GCu', 'LmBTbJWZHM7V8MWiJm@gmail.com', 'بهنام', 'شیرازی', '09129622545', NULL, 'مشهد، بلوار سجاد، خیابان بهارستان، کوچه گل‌ها، پلاک ۸، واحد ۵', '9309656940', NULL, NULL, 9262730.00, NULL, NULL, 10, 0, '2025-12-13 16:15:25'),
('693d5fb38a5fa693d5fb38a5fd693d5f', 'ErTdLeZeZkCA5Ln5C', '$2y$10$FA1YXsOKHZG1QPfITSLKlOvmZlxpjkVPlW/TpDpys.ubaXreuA.jS', 'ErTdLeZeZkCA5Ln5C@gmail.com', 'آریامن', 'شیرازی', '09124861251', '0151562487', 'زاهدان، خیابان دانشگاه، کوچه فرهنگ، ساختمان سینا، واحد ۵', '5649899560', '5029083084807677', '865852602701091712967683', 2880700.00, 'https://www.instagram.com/ErTdLeZeZkCA5Ln5C', 'https://t.me/ErTdLeZeZkCA5Ln5C', 20, 0, '2025-12-13 16:15:25'),
('693d5fb39c7d4693d5fb39c7d7693d5f', '5NSR58MP', '$2y$10$ldwz5Nl08n5/HT.FVScF2uOIIpAMa6OBzmHKJ2txuLU4OXFv4lFIq', '5NSR58MP@gmail.com', 'بهنام', 'حاتمی', '09112952432', NULL, 'نجف‌آباد، خیابان منتظری، کوچه زیتون، ساختمان یکتا', '6099489779', NULL, NULL, 4277775.00, NULL, NULL, 10, 0, '2025-12-13 16:15:25'),
('693d5fb3ac7ec693d5fb3ac7ef693d5f', 'EGIL21f11GuJ', '$2y$10$UQQbl/1BIXHuw6VdRHjnp.ecuoI4sJIi70WAeoYWdUFVoneu9CTEy', 'EGIL21f11GuJ@gmail.com', 'بهنام', 'کشوری', '09231737792', NULL, 'زاهدان، خیابان دانشگاه، کوچه فرهنگ، ساختمان سینا، واحد ۵', '0847193491', NULL, NULL, 9707550.00, NULL, NULL, 10, 0, '2025-12-13 16:15:25'),
('693d5fb3bc7f1693d5fb3bc7f4693d5f', 'SZytoJT8A3ZwJ0ZTePD0R26JNb9nL', '$2y$10$NuZo06RO8RVNXny.WMnfceqBuSAM3JNKg8rCbChIB8cTxYGQdV0cm', 'SZytoJT8A3ZwJ0ZTePD0R26JNb9nL@gmail.com', 'برومند', 'شهبازی', '09129946643', NULL, 'کرمان، بلوار جمهوری اسلامی، کوچه بوستان، پلاک ۱۸، واحد ۲', '2424974095', NULL, NULL, 8202610.00, NULL, NULL, 10, 0, '2025-12-13 16:15:25'),
('693d5fb3cca99693d5fb3cca9c693d5f', '9yGcec5ab2HcVIKz', '$2y$10$Hxk26xuT8gG7CC28zZDyZOp2/jNA26lR6p0vKLCIVZbtLsTQCuuxi', '9yGcec5ab2HcVIKz@gmail.com', 'آفریدون', 'طباطبایی', '09232191129', NULL, 'تهران، خیابان ولیعصر، بالاتر از پارک ساعی، کوچه مهر، پلاک ۱۲، واحد ۳', '1575207964', NULL, NULL, 9735175.00, NULL, NULL, 10, 0, '2025-12-13 16:15:25'),
('693d5fb3dcde2693d5fb3dcde5693d5f', 'q99tSyZivq', '$2y$10$scjyC8ALBLGkp5n6C27kme5aLepEe2lGIeeLnDGsOS8bjMHkTE6GG', 'q99tSyZivq@gmail.com', 'بابک', 'صالحی', '09122454939', NULL, 'کاشان، خیابان امیرکبیر، کوچه باغ فین، پلاک ۱۰', '7585747844', NULL, NULL, 1647125.00, NULL, NULL, 10, 0, '2025-12-13 16:15:25'),
('693d5fb3ed126693d5fb3ed129693d5f', 'Bflo6LrwUkUmxXIV0', '$2y$10$OV8Eq7mgedKYDH../9CxH.4YQVv9l2JMpt25bkdSwADagPJczhwEa', 'Bflo6LrwUkUmxXIV0@gmail.com', 'بیژن', 'کمالی', '09125245656', NULL, 'ارومیه، خیابان امام، کوچه شهید مدنی، پلاک ۷، طبقه دوم', '8542179137', NULL, NULL, 1330276.00, NULL, NULL, 10, 0, '2025-12-13 16:15:25'),
('693d5fb40886d693d5fb408870693d5f', 'lDt90Jg9IIsdzCSvimkQAnF6fh3', '$2y$10$wHBvv3WFsxgTVTj7tscvje5O2JmjsYOFQrusmyZO4fDQJ9UhQDgxi', 'lDt90Jg9IIsdzCSvimkQAnF6fh3@gmail.com', 'بهشاد', 'کرمی', '09111826166', NULL, 'بندرعباس، گلشهر شمالی، خیابان ساحلی، کوچه صدف، پلاک ۱۱', '7709379004', NULL, NULL, 2929895.00, NULL, NULL, 10, 0, '2025-12-13 16:15:25'),
('693d5fb418095693d5fb418098693d5f', 'KzRIIQL9B8lB29dmp', '$2y$10$.NwNfJngYd1nUgN0mEleNu1mxbUbYBVFIICuOnohwAl2A4DO03Sne', 'KzRIIQL9B8lB29dmp@gmail.com', 'خسرو', 'کشوری', '09128369219', NULL, 'اهواز، کیانپارس، خیابان ۱۲ غربی، مجتمع نخلستان، واحد ۷', '2621953496', NULL, NULL, 6929663.00, NULL, NULL, 10, 0, '2025-12-13 16:15:25'),
('693d5fb42794b693d5fb42794e693d5f', 'XpWmEWW8M9FKHo', '$2y$10$th61L5Tkbt50LBsiLVJWaOx/ktC5XrHyAOGML4BNA8QtsB7.PR0iu', 'XpWmEWW8M9FKHo@gmail.com', 'آزاده', 'حاتمی', '09231596993', NULL, 'اصفهان، خیابان چهارباغ عباسی، کوچه شهید رجایی، ساختمان آریا، طبقه دوم', '2789267769', NULL, NULL, 5333541.00, NULL, NULL, 10, 0, '2025-12-13 16:15:25'),
('693d5fb4372eb693d5fb4372ee693d5f', '6Mz2BAHI6dAMpDeN', '$2y$10$.Z4YKZRLuGRFv5Ar6CAhGewr4UGMtOmN.iyltJZVREJ4FENc3nZYa', '6Mz2BAHI6dAMpDeN@gmail.com', 'بهشاد', 'شهبازی', '09112487116', '1699571148', 'یزد، خیابان کاشانی، کوچه مسجد جامع، خانه سنتی شماره ۶', '3561044195', '5022294669927145', '686156243721219340818762', 6627130.00, 'https://www.instagram.com/6Mz2BAHI6dAMpDeN', 'https://t.me/6Mz2BAHI6dAMpDeN', 10, 0, '2025-12-13 16:15:25'),
('693d5fb446f22693d5fb446f24693d5f', 'NuHojPd6aXYUiCjDdEpO9', '$2y$10$lkyVse.WachHlD/3Bx3.PuRbkQLlVbZ9tZ/ydXGHh6l.WO1eLIAvC', 'NuHojPd6aXYUiCjDdEpO9@gmail.com', 'خسرو', 'کامکار', '09237234791', NULL, 'تبریز، خیابان امام خمینی، جنب بانک ملی، پاساژ نور، طبقه سوم', '3502939451', NULL, NULL, 2071250.00, NULL, NULL, 10, 0, '2025-12-13 16:15:25'),
('693d5fb457073693d5fb457075693d5f', 'WqzpD5i56pKsPH24CMiCkh8h9Vl', '$2y$10$dVIi8IXmLO9DSdpVYH7X/.jTTs2HiwsdZTiO7gHfNymVdSpk18g7m', 'WqzpD5i56pKsPH24CMiCkh8h9Vl@gmail.com', 'بهشاد', 'کشوری', '09126235488', NULL, 'شهریار، اندیشه فاز ۳، خیابان گل‌ها، پلاک ۲۱، واحد ۲', '3637393101', NULL, NULL, 9662806.00, NULL, NULL, 10, 0, '2025-12-13 16:15:25'),
('693d5fb466fa0693d5fb466fa2693d5f', 'cAZW5i3h8zWIstHaKz53NRQVOAyv', '$2y$10$RSQcQJW/yDBmTDcH0Zb9eeLyLJK0BoomIDyM/f6OyZ3j5xOwf1uru', 'cAZW5i3h8zWIstHaKz53NRQVOAyv@gmail.com', 'آزاده', 'طباطبایی', '09024161671', NULL, 'شهریار، اندیشه فاز ۳، خیابان گل‌ها، پلاک ۲۱، واحد ۲', '4205900667', NULL, NULL, 208521.00, NULL, NULL, 10, 0, '2025-12-13 16:15:25'),
('693d5fb476f0b693d5fb476f0d693d5f', 'HibbT9G0SfLbgWH5l3', '$2y$10$2FkE5Wa8pwGP7fqCb/HS0eD3k2iAQ4Y0xrF3akAVVLw2a5BVZmZTe', 'HibbT9G0SfLbgWH5l3@gmail.com', 'اروشا', 'کامکار', '09238175757', NULL, 'کاشان، خیابان امیرکبیر، کوچه باغ فین، پلاک ۱۰', '4494311478', NULL, NULL, 6021897.00, NULL, NULL, 10, 0, '2025-12-13 16:15:25'),
('693d5fb486ca7693d5fb486caa693d5f', 'mplqfqQfQa', '$2y$10$Nxy4zwdQBKXbzcgzNrWGH.GwE0tfhQ/xrG3RXIWT5PDyTKnSiSR1S', 'mplqfqQfQa@gmail.com', 'بهشاد', 'ضابطی', '09128253551', NULL, 'زاهدان، خیابان دانشگاه، کوچه فرهنگ، ساختمان سینا، واحد ۵', '1580646950', NULL, NULL, 8259770.00, NULL, NULL, 10, 0, '2025-12-13 16:15:25'),
('693d5fb496536693d5fb496539693d5f', 'eSWPtOUwL', '$2y$10$/D54ahuIxjXCZ4YQMtidR.95DS8uTT84KwdBQJ/RO.dBpxWnadyTO', 'eSWPtOUwL@gmail.com', 'آریان', 'کشوری', '09233597346', NULL, 'رشت، گلسار، خیابان ۱۰۲، کوچه پامچال، پلاک ۱۵، طبقه اول', '8958470814', NULL, NULL, 795866.00, NULL, NULL, 10, 0, '2025-12-13 16:15:25'),
('693d5fb4a5df9693d5fb4a5dfc693d5f', '6vGrBXzD4znu3', '$2y$10$ECxNZWgH3pKAd4XdVP56MuDov/ia1qZgUW8/KHiIUT0oIVCEYJuP2', '6vGrBXzD4znu3@gmail.com', 'آریان', 'شهبازی', '09112981956', NULL, 'همدان، میدان بوعلی، خیابان اکباتان، کوچه فرهنگ، پلاک ۵', '4979857784', NULL, NULL, 9480343.00, NULL, NULL, 10, 0, '2025-12-13 16:15:25'),
('693d5fb4b53f0693d5fb4b53f2693d5f', '1na87ITo7V7VKNPdm', '$2y$10$C/jGTBOWaL3lGjCxHilpveFpSRWfuiqESy6/hIyps9xKg5vErl5aW', '1na87ITo7V7VKNPdm@gmail.com', 'بیژن', 'کرمانی', '09021358734', NULL, 'رشت، گلسار، خیابان ۱۰۲، کوچه پامچال، پلاک ۱۵، طبقه اول', '7773740367', NULL, NULL, 9599626.00, NULL, NULL, 10, 0, '2025-12-13 16:15:25'),
('693d5fb4c5bb5693d5fb4c5bb8693d5f', 'TDG3AT3WRGzOXNdffX2WITcX', '$2y$10$sZqo1qumCpjj8LX0JEKBz.3m6p9qxCTm7PjO9rQmaIxmH.N56WoNi', 'TDG3AT3WRGzOXNdffX2WITcX@gmail.com', 'بهشاد', 'سلطانی', '09114231889', NULL, 'پاکدشت، خیابان امام رضا، کوچه بهار، ساختمان بهین', '9244613297', NULL, NULL, 5684340.00, NULL, NULL, 10, 0, '2025-12-13 16:15:25'),
('693d5fb4d5e58693d5fb4d5e5b693d5f', 'VsumNuMv0IFYQ', '$2y$10$tgD/orPjduwzMvnrxZ7cde8fMS8x.DUDp1pEr5nsM/CJsyDga2qnW', 'VsumNuMv0IFYQ@gmail.com', 'بابک', 'کمالی', '09239864176', '1691893326', 'سنندج، خیابان پاسداران، کوچه ارغوان، پلاک ۲۰، واحد ۳', '8026166287', '6278847594747825', '353633694248072906208021', 6751316.00, 'https://www.instagram.com/VsumNuMv0IFYQ', 'https://t.me/VsumNuMv0IFYQ', 10, 0, '2025-12-13 16:15:25'),
('693d5fb4e656b693d5fb4e656e693d5f', '17Eo19hBqnVBMXNBGVQWxKC4Q3Esbi', '$2y$10$gf76xcTYzD.OX7Kx35mgOOkx03cx2WtpICIoIs2nWous02dUSapHO', '17Eo19hBqnVBMXNBGVQWxKC4Q3Esbi@gmail.com', 'آفریدون', 'کریمی', '09111713919', NULL, 'سنندج، خیابان پاسداران، کوچه ارغوان، پلاک ۲۰، واحد ۳', '3591829492', NULL, NULL, 6606685.00, NULL, NULL, 10, 0, '2025-12-13 16:15:25'),
('693d5fb5027f4693d5fb5027f7693d5f', 'wVM2clSvIAeGFisJ02fnfZwIv', '$2y$10$8kiQWeBFO7hA3dE6AvUig.5qDi.Nr6.UkzXJuT7b7sdA5.dPWTGDC', 'wVM2clSvIAeGFisJ02fnfZwIv@gmail.com', 'آریان', 'کرمانی', '09022137394', NULL, 'شهریار، اندیشه فاز ۳، خیابان گل‌ها، پلاک ۲۱، واحد ۲', '3237110918', NULL, NULL, 9941423.00, NULL, NULL, 10, 0, '2025-12-13 16:15:25'),
('693d5fb512516693d5fb512519693d5f', 'Z6qp5x5VOG', '$2y$10$Svbi/F/rh5VaZ6807orf0.FB15xLQnOJNTScXW894SpUwoF2FERcu', 'Z6qp5x5VOG@gmail.com', 'آریان', 'سلطانی', '09029431573', NULL, 'یزد، خیابان کاشانی، کوچه مسجد جامع، خانه سنتی شماره ۶', '5978747047', NULL, NULL, 5769210.00, NULL, NULL, 10, 0, '2025-12-13 16:15:25'),
('693d5fb522bcf693d5fb522bd2693d5f', 'IHBAPcP3DHHUufL93bWKbADDB2m', '$2y$10$1xcsUsPSM6z2curvcY.nJ.cpXBa7ZTac37BzFElN9guiMcMoCHTzq', 'IHBAPcP3DHHUufL93bWKbADDB2m@gmail.com', 'بهنام', 'کرمانی', '09021382913', NULL, 'قزوین، خیابان نادری، روبه‌روی پارک ملت، کوچه شقایق', '5862295563', NULL, NULL, 1209824.00, NULL, NULL, 10, 0, '2025-12-13 16:15:25'),
('693d5fb533089693d5fb53308c693d5f', 'nz7So6kUJA4xsEKify8aQTuc', '$2y$10$GRe8MPa9BAeFpDbOLO391OwAb0ZXfzp5SjHp3u082ZVEY5lrZxzpy', 'nz7So6kUJA4xsEKify8aQTuc@gmail.com', 'آرتا', 'براتی', '09232829942', NULL, 'مشهد، بلوار سجاد، خیابان بهارستان، کوچه گل‌ها، پلاک ۸، واحد ۵', '3655465493', NULL, NULL, 3863909.00, NULL, NULL, 10, 0, '2025-12-13 16:15:25'),
('693d5fb5439c3693d5fb5439c6693d5f', 'R7WYD0nqlw9iA1LztuEe8FeYZ', '$2y$10$xIc8nYgUjBTtrVlg.DV6eeLDZdpvsBOlp34MmAv7MmdNS7do67dny', 'R7WYD0nqlw9iA1LztuEe8FeYZ@gmail.com', 'پریا', 'حاتمی', '09239889798', NULL, 'یزد، خیابان کاشانی، کوچه مسجد جامع، خانه سنتی شماره ۶', '7865927039', NULL, NULL, 7198288.00, NULL, NULL, 10, 0, '2025-12-13 16:15:25'),
('693d5fb553b45693d5fb553b47693d5f', 'ek1ZsKbt', '$2y$10$.CKTcH4pTbQ9zmgoPbQq9uOxCYwfvb6XchAhVbWRfMBlVBDnB56IC', 'ek1ZsKbt@gmail.com', 'بابک', 'طباطبایی', '09023549639', NULL, 'رشت، گلسار، خیابان ۱۰۲، کوچه پامچال، پلاک ۱۵، طبقه اول', '3658973897', NULL, NULL, 6733619.00, NULL, NULL, 10, 0, '2025-12-13 16:15:25'),
('693d5fb563b3b693d5fb563b3e693d5f', 'rYA3VD43ekbZ47', '$2y$10$sAk0HLiUM03z9vo8wGJW1ujPrWU5kyM6p0yiwnVtesiTA6HvRHQ1a', 'rYA3VD43ekbZ47@gmail.com', 'آزاده', 'سلطانی', '09127652763', NULL, 'کرمان، بلوار جمهوری اسلامی، کوچه بوستان، پلاک ۱۸، واحد ۲', '9105991919', NULL, NULL, 800492.00, NULL, NULL, 10, 0, '2025-12-13 16:15:25'),
('693d5fb573efa693d5fb573efc693d5f', 'PrhueBdTODYyYzFymgHxFmSVyAQ', '$2y$10$Z56G6rwfA2O8CQP6xvZa2ur42KA6tQu3bkNCDefhUSh/VTyuuGck2', 'PrhueBdTODYyYzFymgHxFmSVyAQ@gmail.com', 'بیژن', 'کریمی', '09022772537', NULL, 'ساری، خیابان فرهنگ، روبه‌روی دانشگاه، کوچه لاله، پلاک ۴', '2012567920', NULL, NULL, 4527461.00, NULL, NULL, 10, 0, '2025-12-13 16:15:25'),
('693d5fb58487a693d5fb58487d693d5f', 'zBBfwNz0DMJNAaq', '$2y$10$tfKdEcrriktl3CfOf0bBZeJSnHOJOAw0nCWodRELPPDuDSep.GsVW', 'zBBfwNz0DMJNAaq@gmail.com', 'تورج', 'حاتمی', '09121967694', '1712828659', 'ساری، خیابان فرهنگ، روبه‌روی دانشگاه، کوچه لاله، پلاک ۴', '0978922207', '6278846526640370', '079901765484558292859561', 1080665.00, 'https://www.instagram.com/zBBfwNz0DMJNAaq', 'https://t.me/zBBfwNz0DMJNAaq', 10, 0, '2025-12-13 16:15:25'),
('693d5fb594dc6693d5fb594dc8693d5f', 'S24gvVpyXp7q5dtrsFg3Wr', '$2y$10$Fq24xlJlEiwGVOw889HWbu3jb.h3HcxxpJdKDa6FZFGOgYCkREvPS', 'S24gvVpyXp7q5dtrsFg3Wr@gmail.com', 'بیژن', 'کاظمی', '09124387758', NULL, 'سنندج، خیابان پاسداران، کوچه ارغوان، پلاک ۲۰، واحد ۳', '1106359066', NULL, NULL, 258243.00, NULL, NULL, 10, 0, '2025-12-13 16:15:25'),
('693d5fb5a4ecd693d5fb5a4ed0693d5f', 'Engd4PgETsJhNglkh2LfrKAMg1OZ', '$2y$10$xDgrODSmZoI2EPDJ3MKK2uC./e/ZTCyk29.FNYIiMCeEIxt7ZJXzq', 'Engd4PgETsJhNglkh2LfrKAMg1OZ@gmail.com', 'آرتا', 'کشوری', '09027454816', NULL, 'سنندج، خیابان پاسداران، کوچه ارغوان، پلاک ۲۰، واحد ۳', '6600660463', NULL, NULL, 8531284.00, NULL, NULL, 10, 0, '2025-12-13 16:15:25'),
('693d5fb5b4d0a693d5fb5b4d0d693d5f', '4vFbes7YDFCamu', '$2y$10$xxcOJQFrt3SOnxyhRfBsQ.PKXIXZ/rMJLBLXL0tVNqeUllnvqX7Y.', '4vFbes7YDFCamu@gmail.com', 'آریان', 'کرمی', '09115826642', NULL, 'بوشهر، خیابان بهمنی، ساحل غربی، کوچه مروارید، پلاک ۱۴', '3186871998', NULL, NULL, 9796534.00, NULL, NULL, 10, 0, '2025-12-13 16:15:25'),
('693d5fb5c4e23693d5fb5c4e26693d5f', '44B6nhP6QfOzMnyIbQrlehAO', '$2y$10$7w59amMKrDDpFldeNFL5veidfDFmaVnn7V2b2uNWhflm0WJh.LlZW', '44B6nhP6QfOzMnyIbQrlehAO@gmail.com', 'خسرو', 'ضابطی', '09129634753', NULL, 'مشهد، بلوار سجاد، خیابان بهارستان، کوچه گل‌ها، پلاک ۸، واحد ۵', '0317449306', NULL, NULL, 5516013.00, NULL, NULL, 10, 0, '2025-12-13 16:15:25'),
('693d5fb5d4e3a693d5fb5d4e3c693d5f', 'xR3c2ataWOYjPmfYQHwrv', '$2y$10$ivMxU17o6v6hiG9Ta4KL9uWBYVSNIj/Seo9A.eHaxwotT0tcHG3xi', 'xR3c2ataWOYjPmfYQHwrv@gmail.com', 'پریا', 'طباطبایی', '09121132194', NULL, 'اسلامشهر، شهرک واوان، خیابان دانش، کوچه یاسمن، پلاک ۱۶', '4549757249', NULL, NULL, 4823241.00, NULL, NULL, 10, 0, '2025-12-13 16:15:25'),
('693d5fb5e4bf8693d5fb5e4bfb693d5f', 'R0NzI8OVxs1wrx5', '$2y$10$TF7n45/pzO4hAUY4TM1WseD5NIJV10h2KZDrViIs7gdeJ3P8MTUl6', 'R0NzI8OVxs1wrx5@gmail.com', 'تورج', 'کامکار', '09028311372', NULL, 'مرودشت، خیابان تخت جمشید، کوچه حافظ، پلاک ۳', '6396179304', NULL, NULL, 2437569.00, NULL, NULL, 10, 0, '2025-12-13 16:15:25'),
('693d5fb600b26693d5fb600b29693d5f', '7JTqMsWdQPtv', '$2y$10$okBdsxTvju3agRqA8lt7iuajIgV33/8bO0it0K6FAYwZOrQs9ugDS', '7JTqMsWdQPtv@gmail.com', 'آرتا', 'کشوری', '09025973474', NULL, 'کرمان، بلوار جمهوری اسلامی، کوچه بوستان، پلاک ۱۸، واحد ۲', '0335938157', NULL, NULL, 7043878.00, NULL, NULL, 10, 0, '2025-12-13 16:15:25');

-- --------------------------------------------------------

--
-- Table structure for table `dibas_accounts_confirm`
--

CREATE TABLE `dibas_accounts_confirm` (
  `id` varchar(32) NOT NULL,
  `user` varchar(32) NOT NULL,
  `created_at` datetime NOT NULL DEFAULT current_timestamp()
) ENGINE=InnoDB DEFAULT CHARSET=utf8mb4 COLLATE=utf8mb4_general_ci;

--
-- Dumping data for table `dibas_accounts_confirm`
--

INSERT INTO `dibas_accounts_confirm` (`id`, `user`, `created_at`) VALUES
('693d6058dfe30693d6058dfe32693d60', '693d5fb4372eb693d5fb4372ee693d5f', '2025-12-13 16:17:20'),
('693d60591be34693d60591be36693d60', '693d5fb4d5e58693d5fb4d5e5b693d5f', '2025-12-13 16:17:21'),
('693d60593ce4c693d60593ce4e693d60', '693d5fb58487a693d5fb58487d693d5f', '2025-12-13 16:17:21');

-- --------------------------------------------------------

--
-- Table structure for table `dibas_cart_sessions`
--

CREATE TABLE `dibas_cart_sessions` (
  `id` varchar(32) NOT NULL,
  `owner` varchar(32) NOT NULL,
  `status` tinyint(4) NOT NULL,
  `created_at` datetime NOT NULL DEFAULT current_timestamp()
) ENGINE=InnoDB DEFAULT CHARSET=utf8mb4 COLLATE=utf8mb4_general_ci;

-- --------------------------------------------------------

--
-- Table structure for table `dibas_orders`
--

CREATE TABLE `dibas_orders` (
  `id` varchar(32) NOT NULL,
  `owner` varchar(32) NOT NULL,
  `provider` varchar(32) NOT NULL,
  `product` varchar(32) NOT NULL,
  `product_color` varchar(32) NOT NULL,
  `product_material` varchar(32) NOT NULL,
  `product_size` varchar(32) NOT NULL,
  `count` int(11) NOT NULL,
  `total` decimal(12,2) NOT NULL,
  `phone` varchar(12) NOT NULL,
  `address` varchar(512) NOT NULL,
  `zipcode` varchar(16) NOT NULL,
  `status` tinyint(4) NOT NULL,
  `created_at` datetime NOT NULL DEFAULT current_timestamp()
) ENGINE=InnoDB DEFAULT CHARSET=utf8mb4 COLLATE=utf8mb4_general_ci;

-- --------------------------------------------------------

--
-- Table structure for table `dibas_products`
--

CREATE TABLE `dibas_products` (
  `id` varchar(32) NOT NULL,
  `owner` varchar(32) NOT NULL,
  `type` tinyint(4) NOT NULL,
  `name` varchar(128) NOT NULL,
  `description` varchar(512) NOT NULL,
  `image` varchar(512) NOT NULL,
  `count` int(11) NOT NULL,
  `price` decimal(12,2) NOT NULL,
  `offer` tinyint(4) DEFAULT NULL,
  `status` tinyint(4) NOT NULL,
  `created_at` datetime NOT NULL DEFAULT current_timestamp()
) ENGINE=InnoDB DEFAULT CHARSET=utf8mb4 COLLATE=utf8mb4_general_ci;

--
-- Dumping data for table `dibas_products`
--

INSERT INTO `dibas_products` (`id`, `owner`, `type`, `name`, `description`, `image`, `count`, `price`, `offer`, `status`, `created_at`) VALUES
('693d68ccdba01693d68ccdba03693d68', '693d5fb2e1dc1693d5fb2e1dc3693d5f', 2, 'گردنبند زنانه با طراحی ظریف و مینیمال', 'این گردنبند با طراحی ساده و دلنشین خود انتخابی مناسب برای استفاده روزمره و استایل‌های مینیمال است و می‌تواند جلوه‌ای لطیف به ظاهر شما ببخشد.', '1.png|2.png|3.png|4.png', 153, 1199108.00, 0, 1, '2025-12-13 16:53:24'),
('693d68cde5689693d68cde568c693d68', '693d5fb38a5fa693d5fb38a5fd693d5f', 2, 'انگشتر زنانه مناسب استفاده روزانه', 'این انگشتر با طراحی متعادل و فرم چشم‌نواز خود برای استفاده مداوم طراحی شده و به‌راحتی با انواع استایل‌های روزمره و نیمه‌رسمی هماهنگ می‌شود.', '5.png|6.png|7.png|8.png', 22, 1123557.00, 50, 1, '2025-12-13 16:53:25'),
('693d68d01358c693d68d01358e693d68', '693d597b3b882693d597b3b884693d59', 2, 'گوشواره زنانه با فرم مدرن و جذاب', 'گوشواره‌ای با طراحی مدرن که می‌تواند جلوه‌ای خاص به چهره ببخشد و برای موقعیت‌های مختلف مانند مهمانی یا استفاده روزانه مناسب باشد.', '9.png|10.png|11.png|12.png', 304, 1897745.00, 0, 1, '2025-12-13 16:53:28'),
('693d68d1117f1693d68d1117f3693d68', '693d597fc68ca693d597fc68cc693d59', 2, 'دستبند زنانه با طراحی الهام‌گرفته از سبک کلاسیک', 'این دستبند با الهام از طرح‌های کلاسیک ساخته شده و حس ظرافت و سادگی را هم‌زمان منتقل می‌کند و برای علاقه‌مندان به استایل‌های ماندگار مناسب است.', '13.png|14.png|15.png|16.png', 319, 710906.00, 57, 1, '2025-12-13 16:53:29'),
('693d68d261d63693d68d261d65693d68', '693d597b3b882693d597b3b884693d59', 0, 'گردنبند زنانه مناسب استایل رسمی و روزمره', 'طراحی متعادل این گردنبند باعث شده تا بتوان از آن هم در موقعیت‌های رسمی و هم در استفاده روزمره بهره برد و جلوه‌ای شیک به پوشش افزود.', '17.png|18.png|19.png|20.png', 113, 299412.00, 0, 1, '2025-12-13 16:53:30'),
('693d68d34c779693d68d34c77a693d68', '693d5fb38a5fa693d5fb38a5fd693d5f', 0, 'انگشتر زنانه با طراحی هنری و خاص', 'این انگشتر با طراحی متفاوت و الهام‌گرفته از هنر معاصر، انتخابی مناسب برای افرادی است که به دنبال اکسسوری‌های خاص و متفاوت هستند.', '21.png|22.png|23.png|24.png', 176, 1394572.00, 25, 1, '2025-12-13 16:53:31'),
('693d68d3f321e693d68d3f3220693d68', '693d5fb2e1dc1693d5fb2e1dc3693d5f', 2, 'گوشواره زنانه سبک و راحت برای استفاده طولانی', 'این گوشواره به گونه‌ای طراحی شده که در استفاده طولانی مدت احساس راحتی ایجاد کند و در عین حال ظاهر شما را جذاب‌تر کند.', '25.png|26.png|27.png|28.png', 261, 1908770.00, 78, 1, '2025-12-13 16:53:31'),
('693d68d589661693d68d589663693d68', '693d5fb2e1dc1693d5fb2e1dc3693d5f', 0, 'دستبند زنانه با طراحی ساده و کاربردی', 'این دستبند با ظاهر ساده و کاربردی خود گزینه‌ای مناسب برای استفاده روزمره است و به‌راحتی با سایر اکسسوری‌ها ست می‌شود.', '29.png|30.png|31.png|32.png', 198, 812233.00, 0, 0, '2025-12-13 16:53:33'),
('693d68d72da3c693d68d72da3e693d68', '693d597fc68ca693d597fc68cc693d59', 1, 'گردنبند زنانه با الهام از طرح‌های مدرن', 'طراحی این گردنبند بر اساس سبک‌های مدرن انجام شده و می‌تواند جلوه‌ای امروزی و خاص به استایل شما اضافه کند.', '33.png|34.png|35.png|36.png', 69, 549980.00, 19, 0, '2025-12-13 16:53:35'),
('693d68d956116693d68d956118693d68', '693d597fc68ca693d597fc68cc693d59', 1, 'انگشتر زنانه مناسب هدیه دادن', 'این انگشتر با طراحی دلنشین و ظاهر جذاب خود می‌تواند گزینه‌ای مناسب برای هدیه دادن در مناسبت‌های مختلف باشد.', '37.png|38.png|39.png|40.png', 166, 1941812.00, 48, 0, '2025-12-13 16:53:37'),
('693d68dc26ee4693d68dc26ee6693d68', '693d5fb2e1dc1693d5fb2e1dc3693d5f', 0, 'گوشواره زنانه با طراحی مینیمال و شیک', 'گوشواره‌ای با طراحی مینیمال که برای افرادی که به سادگی و شیک‌بودن اهمیت می‌دهند انتخابی مناسب محسوب می‌شود.', '41.png|42.png|43.png|44.png', 119, 441678.00, 75, 0, '2025-12-13 16:53:40'),
('693d68dcf3684693d68dcf3685693d68', '693d5fb38a5fa693d5fb38a5fd693d5f', 1, 'دستبند زنانه مناسب استایل‌های روزمره', 'این دستبند با طراحی ساده و راحت خود برای استفاده روزانه طراحی شده و می‌تواند مکمل خوبی برای پوشش روزمره باشد.', '45.png|46.png|47.png|48.png', 72, 1850579.00, 47, 0, '2025-12-13 16:53:40'),
('693d68de1e0dc693d68de1e0de693d68', '693d597fc68ca693d597fc68cc693d59', 1, 'گردنبند زنانه با طراحی ظریف و زنانه', 'این گردنبند با جزئیات ظریف خود حس لطافت و زیبایی را منتقل کرده و برای استایل‌های زنانه انتخابی مناسب است.', '49.png|50.png|51.png|52.png', 38, 1368118.00, 19, 0, '2025-12-13 16:53:42'),
('693d68e103bc2693d68e103bc4693d68', '693d597b3b882693d597b3b884693d59', 0, 'انگشتر زنانه با طراحی الهام‌بخش', 'طراحی این انگشتر به گونه‌ای است که حس اعتماد به نفس و زیبایی را به همراه دارد و می‌تواند جلوه‌ای خاص به دستان شما ببخشد.', '53.png|54.png|55.png|56.png', 334, 1888879.00, 47, 0, '2025-12-13 16:53:45'),
('693d68e2f2891693d68e2f2893693d68', '693d5fb2e1dc1693d5fb2e1dc3693d5f', 0, 'گوشواره زنانه مناسب استفاده روزانه', 'این گوشواره برای استفاده روزمره طراحی شده و با فرم ساده خود به‌راحتی با لباس‌های مختلف هماهنگ می‌شود.', '57.png|58.png|59.png|60.png', 253, 494243.00, 38, 0, '2025-12-13 16:53:46'),
('693d68e456fe0693d68e456fe1693d68', '693d597fc68ca693d597fc68cc693d59', 0, 'دستبند زنانه با طراحی متعادل و زیبا', 'این دستبند با طراحی متعادل خود نه بیش از حد ساده و نه بیش از حد شلوغ است و برای سلیقه‌های مختلف مناسب است.', '61.png|62.png|63.png|64.png', 144, 787682.00, 82, 0, '2025-12-13 16:53:48'),
('693d68e70b8bc693d68e70b8bd693d68', '693d597fc68ca693d597fc68cc693d59', 1, 'گردنبند زنانه مناسب استایل‌های مینیمال', 'اگر به استایل‌های مینیمال علاقه دارید، این گردنبند می‌تواند انتخابی مناسب برای تکمیل ظاهر ساده و شیک شما باشد.', '65.png|66.png|67.png|68.png', 145, 2089657.00, 0, 0, '2025-12-13 16:53:51'),
('693d68e89bc45693d68e89bc47693d68', '693d5fb38a5fa693d5fb38a5fd693d5f', 2, 'انگشتر زنانه با ظاهر ساده و شیک', 'این انگشتر با ظاهر ساده اما شیک خود برای استفاده روزانه و موقعیت‌های مختلف انتخابی مناسب است.', '69.png|70.png|71.png|72.png', 102, 973818.00, 9, 0, '2025-12-13 16:53:52'),
('693d68eb0100f693d68eb01012693d68', '693d5fb2e1dc1693d5fb2e1dc3693d5f', 0, 'گوشواره زنانه با طراحی خاص و چشم‌نواز', 'این گوشواره با طراحی خاص خود توجه را به چهره جلب می‌کند و می‌تواند نقطه تمرکز استایل شما باشد.', '73.png|74.png|75.png|76.png', 62, 675887.00, 0, 0, '2025-12-13 16:53:55'),
('693d68ec74726693d68ec74728693d68', '693d597fc68ca693d597fc68cc693d59', 2, 'دستبند زنانه مناسب هدیه‌های خاص', 'این دستبند با طراحی دلنشین و کاربردی خود گزینه‌ای مناسب برای هدیه دادن به عزیزان محسوب می‌شود.', '77.png|78.png|79.png|80.png', 39, 1396353.00, 0, 0, '2025-12-13 16:53:56'),
('693d68ee274ff693d68ee27501693d68', '693d5fb2e1dc1693d5fb2e1dc3693d5f', 1, 'گردنبند زنانه با طراحی متناسب با استایل‌های مختلف', 'طراحی این گردنبند به گونه‌ای است که با انواع استایل‌ها هماهنگ می‌شود و می‌تواند در موقعیت‌های مختلف مورد استفاده قرار گیرد.', '81.png|82.png|83.png|84.png', 322, 1638824.00, 6, 0, '2025-12-13 16:53:58'),
('693d68ef4bd7f693d68ef4bd81693d68', '693d5fb38a5fa693d5fb38a5fd693d5f', 1, 'انگشتر زنانه مناسب استفاده روزمره و رسمی', 'این انگشتر با طراحی متعادل خود برای استفاده در محیط‌های رسمی و روزمره مناسب بوده و جلوه‌ای شیک دارد.', '85.png|86.png|87.png|88.png', 11, 1035950.00, 0, 0, '2025-12-13 16:53:59'),
('693d68efdb8be693d68efdb8bf693d68', '693d5fb38a5fa693d5fb38a5fd693d5f', 0, 'گوشواره زنانه با فرم ساده و دلنشین', 'این گوشواره با فرم ساده خود حس آرامش و زیبایی را منتقل کرده و انتخابی مناسب برای استفاده روزانه است.', '89.png|90.png|91.png|92.png', 256, 2259554.00, 84, 0, '2025-12-13 16:53:59'),
('693d68f077aa8693d68f077aaa693d68', '693d5fb2e1dc1693d5fb2e1dc3693d5f', 2, 'دستبند زنانه با طراحی الهام‌گرفته از طبیعت', 'طراحی این دستبند با الهام از فرم‌های طبیعی انجام شده و حس لطافت و هماهنگی را به استایل شما اضافه می‌کند.', '93.png|94.png|95.png|96.png', 181, 955963.00, 0, 0, '2025-12-13 16:54:00'),
('693d68f1026e0693d68f1026e2693d68', '693d5fb38a5fa693d5fb38a5fd693d5f', 1, 'گردنبند زنانه با طراحی خاص برای استفاده روزانه', 'این گردنبند به گونه‌ای طراحی شده که بتوان آن را به‌صورت روزانه استفاده کرد و همچنان جلوه‌ای شیک داشت.', '97.png|98.png|99.png|100.png', 99, 2335562.00, 56, 0, '2025-12-13 16:54:01'),
('693d68f1efea2693d68f1efea4693d68', '693d5fb38a5fa693d5fb38a5fd693d5f', 0, 'انگشتر زنانه با طراحی متفاوت و جذاب', 'اگر به دنبال انگشتری با طراحی متفاوت هستید، این محصول می‌تواند انتخابی مناسب برای شما باشد.', '101.png|102.png|103.png|104.png', 281, 1826103.00, 24, 0, '2025-12-13 16:54:01'),
('693d68f2d3714693d68f2d3716693d68', '693d5fb38a5fa693d5fb38a5fd693d5f', 2, 'گوشواره زنانه مناسب استایل‌های ساده', 'این گوشواره برای افرادی که به استایل‌های ساده و خلوت علاقه دارند طراحی شده و به‌راحتی قابل استفاده است.', '105.png|106.png|107.png|108.png', 112, 1490582.00, 82, 0, '2025-12-13 16:54:02'),
('693d68f3578d0693d68f3578d1693d68', '693d5fb38a5fa693d5fb38a5fd693d5f', 2, 'دستبند زنانه با طراحی شیک و کاربردی', 'این دستبند علاوه بر ظاهر شیک، طراحی کاربردی دارد و می‌تواند در طول روز به‌راحتی استفاده شود.', '109.png|110.png|111.png|112.png', 75, 851171.00, 60, 0, '2025-12-13 16:54:03'),
('693d68f4b7e18693d68f4b7e1a693d68', '693d5fb2e1dc1693d5fb2e1dc3693d5f', 2, 'گردنبند زنانه مناسب استفاده روزمره', 'این گردنبند برای استفاده روزمره طراحی شده و می‌تواند به‌عنوان یک اکسسوری همیشگی مورد استفاده قرار گیرد.', '113.png|114.png|115.png|116.png', 253, 1998155.00, 0, 0, '2025-12-13 16:54:04'),
('693d68f5752f2693d68f5752f4693d68', '693d597fc68ca693d597fc68cc693d59', 1, 'انگشتر زنانه با طراحی ظریف و ساده', 'این انگشتر با طراحی ظریف خود حس لطافت را منتقل کرده و برای علاقه‌مندان به سادگی انتخابی مناسب است.', '117.png|118.png|119.png|120.png', 135, 434708.00, 0, 0, '2025-12-13 16:54:05'),
('693d68f69199c693d68f69199e693d68', '693d597b3b882693d597b3b884693d59', 2, 'گوشواره زنانه با طراحی مدرن', 'طراحی مدرن این گوشواره آن را به گزینه‌ای مناسب برای استایل‌های امروزی تبدیل کرده است.', '121.png|122.png|123.png|124.png', 250, 1441212.00, 0, 0, '2025-12-13 16:54:06'),
('693d68f7def1e693d68f7def20693d68', '693d5fb38a5fa693d5fb38a5fd693d5f', 2, 'دستبند زنانه مناسب استفاده روزانه', 'این دستبند با طراحی ساده و راحت خود برای استفاده مداوم در طول روز مناسب است.', '125.png|126.png|127.png|128.png', 62, 2338074.00, 8, 0, '2025-12-13 16:54:07'),
('693d68f86ae3c693d68f86ae3f693d68', '693d597b3b882693d597b3b884693d59', 2, 'گردنبند زنانه با طراحی خاص و کاربردی', 'این گردنبند ترکیبی از طراحی خاص و کاربردی است و می‌تواند در موقعیت‌های مختلف مورد استفاده قرار گیرد.', '129.png|130.png|131.png|132.png', 230, 1277205.00, 61, 0, '2025-12-13 16:54:08'),
('693d68f951425693d68f951427693d68', '693d5fb38a5fa693d5fb38a5fd693d5f', 1, 'انگشتر زنانه مناسب هدیه دادن', 'این انگشتر با ظاهر زیبا و طراحی متعادل خود گزینه‌ای مناسب برای هدیه در مناسبت‌های مختلف است.', '133.png|134.png|135.png|136.png', 287, 502832.00, 18, 0, '2025-12-13 16:54:09'),
('693d68fa21f97693d68fa21f99693d68', '693d5fb38a5fa693d5fb38a5fd693d5f', 0, 'گوشواره زنانه با طراحی ساده و شیک', 'این گوشواره با طراحی ساده اما شیک خود برای استفاده روزمره و موقعیت‌های مختلف مناسب است.', '137.png|138.png|139.png|140.png', 298, 722190.00, 7, 0, '2025-12-13 16:54:10'),
('693d68fa9a8e0693d68fa9a8e2693d68', '693d5fb38a5fa693d5fb38a5fd693d5f', 1, 'دستبند زنانه با طراحی مینیمال', 'این دستبند با طراحی مینیمال خود برای علاقه‌مندان به سادگی و ظرافت انتخابی مناسب محسوب می‌شود.', '141.png|142.png|143.png|144.png', 122, 2190406.00, 0, 0, '2025-12-13 16:54:10'),
('693d68fc150f2693d68fc150f4693d68', '693d5fb38a5fa693d5fb38a5fd693d5f', 0, 'گردنبند زنانه با طراحی الهام‌بخش', 'طراحی این گردنبند الهام‌بخش بوده و می‌تواند جلوه‌ای متفاوت به استایل شما ببخشد.', '145.png|146.png|147.png|148.png', 280, 1130682.00, 0, 0, '2025-12-13 16:54:12'),
('693d68fce5296693d68fce5298693d68', '693d597fc68ca693d597fc68cc693d59', 0, 'انگشتر زنانه با طراحی کلاسیک', 'این انگشتر با طراحی کلاسیک خود برای افرادی که به سبک‌های ماندگار علاقه دارند مناسب است.', '149.png|150.png|151.png|152.png', 299, 1645296.00, 15, 0, '2025-12-13 16:54:12'),
('693d68fd405db693d68fd405dd693d68', '693d5fb38a5fa693d5fb38a5fd693d5f', 2, 'گوشواره زنانه مناسب استفاده طولانی', 'این گوشواره به گونه‌ای طراحی شده که در استفاده طولانی مدت احساس راحتی ایجاد کند.', '153.png|154.png|155.png|156.png', 145, 2189793.00, 0, 0, '2025-12-13 16:54:13'),
('693d68fdd45b7693d68fdd45b9693d68', '693d597b3b882693d597b3b884693d59', 0, 'دستبند زنانه با طراحی ساده و دلنشین', 'این دستبند با ظاهر ساده و دلنشین خود می‌تواند مکمل مناسبی برای استایل روزمره باشد.', '157.png|158.png|159.png|160.png', 174, 223786.00, 0, 0, '2025-12-13 16:54:13'),
('693d68fe5bbb4693d68fe5bbb6693d68', '693d597b3b882693d597b3b884693d59', 1, 'گردنبند زنانه مناسب استایل‌های مختلف', 'این گردنبند به‌راحتی با استایل‌های مختلف هماهنگ می‌شود و انتخابی کاربردی است.', '161.png|162.png|163.png|164.png', 211, 1886321.00, 81, 0, '2025-12-13 16:54:14'),
('693d68ff55b24693d68ff55b26693d68', '693d5fb2e1dc1693d5fb2e1dc3693d5f', 1, 'انگشتر زنانه با طراحی خاص و ظریف', 'این انگشتر با جزئیات ظریف خود جلوه‌ای زیبا به دستان شما می‌بخشد.', '165.png|166.png|167.png|168.png', 38, 1013458.00, 0, 0, '2025-12-13 16:54:15'),
('693d6900a5e5b693d6900a5e5d693d69', '693d5fb2e1dc1693d5fb2e1dc3693d5f', 1, 'گوشواره زنانه با فرم مدرن', 'این گوشواره با فرم مدرن خود انتخابی مناسب برای استایل‌های امروزی است.', '169.png|170.png|171.png|172.png', 103, 2335466.00, 80, 0, '2025-12-13 16:54:16'),
('693d6901e7574693d6901e7576693d69', '693d5fb2e1dc1693d5fb2e1dc3693d5f', 0, 'دستبند زنانه مناسب هدیه', 'این دستبند با طراحی زیبا و کاربردی خود گزینه‌ای مناسب برای هدیه دادن محسوب می‌شود.', '173.png|174.png|175.png|176.png', 249, 644610.00, 31, 0, '2025-12-13 16:54:17'),
('693d6902a07b3693d6902a07b5693d69', '693d5fb2e1dc1693d5fb2e1dc3693d5f', 0, 'گردنبند زنانه با طراحی ساده', 'این گردنبند با طراحی ساده خود برای استفاده روزانه و استایل‌های مینیمال مناسب است.', '177.png|178.png|179.png|180.png', 314, 1480638.00, 0, 0, '2025-12-13 16:54:18'),
('693d6902ce1c1693d6902ce1c3693d69', '693d5fb2e1dc1693d5fb2e1dc3693d5f', 2, 'انگشتر زنانه مناسب استفاده روزمره', 'این انگشتر برای استفاده روزمره طراحی شده و به‌راحتی با لباس‌های مختلف هماهنگ می‌شود.', '181.png|182.png|183.png|184.png', 209, 1813875.00, 23, 0, '2025-12-13 16:54:18'),
('693d690393af2693d690393af4693d69', '693d597fc68ca693d597fc68cc693d59', 0, 'گوشواره زنانه با طراحی ظریف', 'این گوشواره با طراحی ظریف خود حس لطافت و زیبایی را منتقل می‌کند.', '185.png|186.png|187.png|188.png', 209, 2032189.00, 54, 0, '2025-12-13 16:54:19'),
('693d690426d5b693d690426d5d693d69', '693d597fc68ca693d597fc68cc693d59', 1, 'دستبند زنانه با طراحی کاربردی', 'این دستبند با طراحی کاربردی خود می‌تواند در موقعیت‌های مختلف مورد استفاده قرار گیرد.', '189.png|190.png|191.png|192.png', 32, 308920.00, 0, 0, '2025-12-13 16:54:20'),
('693d6904e70c9693d6904e70cb693d69', '693d5fb2e1dc1693d5fb2e1dc3693d5f', 1, 'گردنبند زنانه با طراحی شیک و ساده', 'این گردنبند ترکیبی از سادگی و شیک بودن است و برای استفاده روزمره مناسب است.', '193.png|194.png|195.png|196.png', 253, 1941428.00, 1, 0, '2025-12-13 16:54:20'),
('693d690579981693d690579983693d69', '693d597b3b882693d597b3b884693d59', 0, 'انگشتر زنانه با طراحی مدرن', 'این انگشتر با طراحی مدرن خود انتخابی مناسب برای استایل‌های امروزی محسوب می‌شود.', '197.png|198.png|199.png|200.png', 74, 1271135.00, 3, 0, '2025-12-13 16:54:21'),
('693d6906b8fee693d6906b8fef693d69', '693d597b3b882693d597b3b884693d59', 2, 'گوشواره زنانه مناسب استایل‌های روزمره', 'این گوشواره برای استفاده روزمره طراحی شده و می‌تواند جلوه‌ای زیبا به ظاهر شما ببخشد.', '201.png|202.png|203.png|204.png', 326, 650377.00, 1, 0, '2025-12-13 16:54:22'),
('693d6907acda9693d6907acdab693d69', '693d5fb38a5fa693d5fb38a5fd693d5f', 2, 'دستبند زنانه با طراحی خاص', 'این دستبند با طراحی خاص خود می‌تواند به‌عنوان یک اکسسوری متفاوت مورد استفاده قرار گیرد.', '205.png|206.png|207.png|208.png', 195, 283291.00, 0, 0, '2025-12-13 16:54:23');

-- --------------------------------------------------------

--
-- Table structure for table `dibas_products_color`
--

CREATE TABLE `dibas_products_color` (
  `id` varchar(32) NOT NULL,
  `product` varchar(32) NOT NULL,
  `color_name` varchar(32) NOT NULL,
  `color_hex` varchar(6) NOT NULL
) ENGINE=InnoDB DEFAULT CHARSET=utf8mb4 COLLATE=utf8mb4_general_ci;

--
-- Dumping data for table `dibas_products_color`
--

INSERT INTO `dibas_products_color` (`id`, `product`, `color_name`, `color_hex`) VALUES
('693d68ccec7bf693d68ccec7cf693d68', '693d68ccdba01693d68ccdba03693d68', 'لاجوردی تیره', '0047AB'),
('693d68cd0cb34693d68cd0cb38693d68', '693d68ccdba01693d68ccdba03693d68', 'لاجوردی تیره', '0047AB'),
('693d68cd210ba693d68cd210bf693d68', '693d68ccdba01693d68ccdba03693d68', 'فیروزه‌ای درخشان', '40E0D0'),
('693d68cd33595693d68cd33599693d68', '693d68ccdba01693d68ccdba03693d68', 'آبی', '1433E1'),
('693d68cd43a1a693d68cd43a28693d68', '693d68ccdba01693d68ccdba03693d68', 'نارنجی', 'DD9760'),
('693d68ce10cdd693d68ce10ce2693d68', '693d68cde5689693d68cde568c693d68', 'خاکی روشن', 'C3B091'),
('693d68ce2b429693d68ce2b42d693d68', '693d68cde5689693d68cde568c693d68', 'فیروزه‌ای درخشان', '40E0D0'),
('693d68ce3980a693d68ce3980e693d68', '693d68cde5689693d68cde568c693d68', 'نارنجی', 'DD9760'),
('693d68ce49c96693d68ce49c9a693d68', '693d68cde5689693d68cde568c693d68', 'قرمز پارسی', 'CC3333'),
('693d68ce5a0da693d68ce5a0df693d68', '693d68cde5689693d68cde568c693d68', 'یشمی آرام', '00A86B'),
('693d68ce684dd693d68ce684e1693d68', '693d68cde5689693d68cde568c693d68', 'فیروزه‌ای درخشان', '40E0D0'),
('693d68ce78941693d68ce78946693d68', '693d68cde5689693d68cde568c693d68', 'زرد طلایی', 'F4C430'),
('693d68ce8cf06693d68ce8cf0a693d68', '693d68cde5689693d68cde568c693d68', 'نارنجی', 'DD9760'),
('693d68d02124e693d68d021252693d68', '693d68d01358c693d68d01358e693d68', 'فیروزه‌ای درخشان', '40E0D0'),
('693d68d02f688693d68d02f68c693d68', '693d68d01358c693d68d01358e693d68', 'قرمز پارسی', 'CC3333'),
('693d68d11f283693d68d11f287693d68', '693d68d1117f1693d68d1117f3693d68', 'فیروزه‌ای درخشان', '40E0D0'),
('693d68d12d647693d68d12d64b693d68', '693d68d1117f1693d68d1117f3693d68', 'فیروزه‌ای درخشان', '40E0D0'),
('693d68d270951693d68d270955693d68', '693d68d261d63693d68d261d65693d68', 'نارنجی', 'DD9760'),
('693d68d27ed44693d68d27ed48693d68', '693d68d261d63693d68d261d65693d68', 'سبز', '00A693'),
('693d68d360578693d68d36057c693d68', '693d68d34c779693d68d34c77a693d68', 'خاکی روشن', 'C3B091'),
('693d68d36e945693d68d36e953693d68', '693d68d34c779693d68d34c77a693d68', 'آبی', '1433E1'),
('693d68d40cf2b693d68d40cf2f693d68', '693d68d3f321e693d68d3f3220693d68', 'نارنجی', 'DD9760'),
('693d68d41f453693d68d41f457693d68', '693d68d3f321e693d68d3f3220693d68', 'فیروزه‌ای درخشان', '40E0D0'),
('693d68d42d7eb693d68d42d7ef693d68', '693d68d3f321e693d68d3f3220693d68', 'خاکی روشن', 'C3B091'),
('693d68d43bbdb693d68d43bbdf693d68', '693d68d3f321e693d68d3f3220693d68', 'قرمز پارسی', 'CC3333'),
('693d68d45ce0b693d68d45ce0f693d68', '693d68d3f321e693d68d3f3220693d68', 'زرد طلایی', 'F4C430'),
('693d68d476afc693d68d476b01693d68', '693d68d3f321e693d68d3f3220693d68', 'لاجوردی تیره', '0047AB'),
('693d68d59753e693d68d597542693d68', '693d68d589661693d68d589663693d68', 'حنایی گرم', 'A52A2A'),
('693d68d5a5946693d68d5a594b693d68', '693d68d589661693d68d589663693d68', 'نارنجی', 'DD9760'),
('693d68d5b3d23693d68d5b3d28693d68', '693d68d589661693d68d589663693d68', 'لاجوردی تیره', '0047AB'),
('693d68d5c2115693d68d5c211a693d68', '693d68d589661693d68d589663693d68', 'حنایی گرم', 'A52A2A'),
('693d68d5d04f6693d68d5d04fa693d68', '693d68d589661693d68d589663693d68', 'حنایی گرم', 'A52A2A'),
('693d68d5f04c3693d68d5f04c7693d68', '693d68d589661693d68d589663693d68', 'زرد طلایی', 'F4C430'),
('693d68d615258693d68d61525c693d68', '693d68d589661693d68d589663693d68', 'یشمی آرام', '00A86B'),
('693d68d62361f693d68d623623693d68', '693d68d589661693d68d589663693d68', 'نارنجی', 'DD9760'),
('693d68d74a14c693d68d74a151693d68', '693d68d72da3c693d68d72da3e693d68', 'فیروزه‌ای درخشان', '40E0D0'),
('693d68d75854f693d68d758553693d68', '693d68d72da3c693d68d72da3e693d68', 'یشمی آرام', '00A86B'),
('693d68d766959693d68d76695d693d68', '693d68d72da3c693d68d72da3e693d68', 'فیروزه‌ای درخشان', '40E0D0'),
('693d68d7830e6693d68d7830ea693d68', '693d68d72da3c693d68d72da3e693d68', 'زرد طلایی', 'F4C430'),
('693d68d79b7e4693d68d79b7e9693d68', '693d68d72da3c693d68d72da3e693d68', 'قرمز پارسی', 'CC3333'),
('693d68d7a9b8f693d68d7a9b94693d68', '693d68d72da3c693d68d72da3e693d68', 'قرمز پارسی', 'CC3333'),
('693d68d96ab21693d68d96ab25693d68', '693d68d956116693d68d956118693d68', 'لاجوردی تیره', '0047AB'),
('693d68d978f32693d68d978f3f693d68', '693d68d956116693d68d956118693d68', 'خاکی روشن', 'C3B091'),
('693d68d98bd64693d68d98bd69693d68', '693d68d956116693d68d956118693d68', 'حنایی گرم', 'A52A2A'),
('693d68d99f783693d68d99f791693d68', '693d68d956116693d68d956118693d68', 'آبی', '1433E1'),
('693d68d9c6f88693d68d9c6f95693d68', '693d68d956116693d68d956118693d68', 'سبز', '00A693'),
('693d68d9d68b3693d68d9d68c0693d68', '693d68d956116693d68d956118693d68', 'نارنجی', 'DD9760'),
('693d68d9e6d06693d68d9e6d0c693d68', '693d68d956116693d68d956118693d68', 'حنایی گرم', 'A52A2A'),
('693d68dc35e7c693d68dc35e81693d68', '693d68dc26ee4693d68dc26ee6693d68', 'قرمز پارسی', 'CC3333'),
('693d68dc462ca693d68dc462ce693d68', '693d68dc26ee4693d68dc26ee6693d68', 'فیروزه‌ای درخشان', '40E0D0'),
('693d68dd114e1693d68dd114e6693d68', '693d68dcf3684693d68dcf3685693d68', 'قرمز پارسی', 'CC3333'),
('693d68dd1f8ad693d68dd1f8b2693d68', '693d68dcf3684693d68dcf3685693d68', 'فیروزه‌ای درخشان', '40E0D0'),
('693d68dd2db51693d68dd2db56693d68', '693d68dcf3684693d68dcf3685693d68', 'قرمز پارسی', 'CC3333'),
('693d68dd3c07a693d68dd3c07f693d68', '693d68dcf3684693d68dcf3685693d68', 'سبز', '00A693'),
('693d68dd4a484693d68dd4a488693d68', '693d68dcf3684693d68dcf3685693d68', 'حنایی گرم', 'A52A2A'),
('693d68dd58875693d68dd58879693d68', '693d68dcf3684693d68dcf3685693d68', 'آبی', '1433E1'),
('693d68dd66c5d693d68dd66c61693d68', '693d68dcf3684693d68dcf3685693d68', 'نارنجی', 'DD9760'),
('693d68dd75030693d68dd75034693d68', '693d68dcf3684693d68dcf3685693d68', 'سبز', '00A693'),
('693d68de2b9ff693d68de2ba04693d68', '693d68de1e0dc693d68de1e0de693d68', 'نارنجی', 'DD9760'),
('693d68de3e1b8693d68de3e1bc693d68', '693d68de1e0dc693d68de1e0de693d68', 'سبز', '00A693'),
('693d68de4c5bc693d68de4c5c0693d68', '693d68de1e0dc693d68de1e0de693d68', 'قرمز پارسی', 'CC3333'),
('693d68de5eaca693d68de5eacf693d68', '693d68de1e0dc693d68de1e0de693d68', 'یشمی آرام', '00A86B'),
('693d68de6ce9a693d68de6ce9f693d68', '693d68de1e0dc693d68de1e0de693d68', 'قرمز پارسی', 'CC3333'),
('693d68de7b279693d68de7b27d693d68', '693d68de1e0dc693d68de1e0de693d68', 'زرد طلایی', 'F4C430'),
('693d68e152933693d68e152937693d68', '693d68e103bc2693d68e103bc4693d68', 'نارنجی', 'DD9760'),
('693d68e164df0693d68e164df4693d68', '693d68e103bc2693d68e103bc4693d68', 'لاجوردی تیره', '0047AB'),
('693d68e1772e8693d68e1772f6693d68', '693d68e103bc2693d68e103bc4693d68', 'نارنجی', 'DD9760'),
('693d68e185690693d68e185695693d68', '693d68e103bc2693d68e103bc4693d68', 'خاکی روشن', 'C3B091'),
('693d68e193b17693d68e193b1c693d68', '693d68e103bc2693d68e103bc4693d68', 'سبز', '00A693'),
('693d68e1a1ea1693d68e1a1ea6693d68', '693d68e103bc2693d68e103bc4693d68', 'یشمی آرام', '00A86B'),
('693d68e1b0266693d68e1b026b693d68', '693d68e103bc2693d68e103bc4693d68', 'آبی', '1433E1'),
('693d68e1c655f693d68e1c6563693d68', '693d68e103bc2693d68e103bc4693d68', 'آبی', '1433E1'),
('693d68e1d4c4a693d68e1d4c58693d68', '693d68e103bc2693d68e103bc4693d68', 'زرد طلایی', 'F4C430'),
('693d68e211f71693d68e211f76693d68', '693d68e103bc2693d68e103bc4693d68', 'سبز', '00A693'),
('693d68e32411c693d68e324121693d68', '693d68e2f2891693d68e2f2893693d68', 'خاکی روشن', 'C3B091'),
('693d68e338286693d68e33828a693d68', '693d68e2f2891693d68e2f2893693d68', 'آبی', '1433E1'),
('693d68e34a7bc693d68e34a7c0693d68', '693d68e2f2891693d68e2f2893693d68', 'نارنجی', 'DD9760'),
('693d68e375e8d693d68e375e91693d68', '693d68e2f2891693d68e2f2893693d68', 'سبز', '00A693'),
('693d68e397ce9693d68e397cee693d68', '693d68e2f2891693d68e2f2893693d68', 'لاجوردی تیره', '0047AB'),
('693d68e467011693d68e467015693d68', '693d68e456fe0693d68e456fe1693d68', 'قرمز پارسی', 'CC3333'),
('693d68e4a5f50693d68e4a5f55693d68', '693d68e456fe0693d68e456fe1693d68', 'قرمز پارسی', 'CC3333'),
('693d68e4cab75693d68e4cab79693d68', '693d68e456fe0693d68e456fe1693d68', 'سبز', '00A693'),
('693d68e4d8f53693d68e4d8f57693d68', '693d68e456fe0693d68e456fe1693d68', 'لاجوردی تیره', '0047AB'),
('693d68e4ed4e0693d68e4ed4e4693d68', '693d68e456fe0693d68e456fe1693d68', 'قرمز پارسی', 'CC3333'),
('693d68e50e008693d68e50e00c693d68', '693d68e456fe0693d68e456fe1693d68', 'خاکی روشن', 'C3B091'),
('693d68e51ba52693d68e51ba57693d68', '693d68e456fe0693d68e456fe1693d68', 'آبی', '1433E1'),
('693d68e5301a5693d68e5301a9693d68', '693d68e456fe0693d68e456fe1693d68', 'سبز', '00A693'),
('693d68e730296693d68e73029b693d68', '693d68e70b8bc693d68e70b8bd693d68', 'آبی', '1433E1'),
('693d68e74ca3c693d68e74ca4a693d68', '693d68e70b8bc693d68e70b8bd693d68', 'زرد طلایی', 'F4C430'),
('693d68e75ef61693d68e75ef65693d68', '693d68e70b8bc693d68e70b8bd693d68', 'حنایی گرم', 'A52A2A'),
('693d68e771456693d68e77145a693d68', '693d68e70b8bc693d68e70b8bd693d68', 'فیروزه‌ای درخشان', '40E0D0'),
('693d68e77f84b693d68e77f850693d68', '693d68e70b8bc693d68e70b8bd693d68', 'نارنجی', 'DD9760'),
('693d68e78dc1c693d68e78dc20693d68', '693d68e70b8bc693d68e70b8bd693d68', 'خاکی روشن', 'C3B091'),
('693d68e79c013693d68e79c018693d68', '693d68e70b8bc693d68e70b8bd693d68', 'سبز', '00A693'),
('693d68e7aa40c693d68e7aa410693d68', '693d68e70b8bc693d68e70b8bd693d68', 'حنایی گرم', 'A52A2A'),
('693d68e8b88b3693d68e8b88b7693d68', '693d68e89bc45693d68e89bc47693d68', 'لاجوردی تیره', '0047AB'),
('693d68e8c6c44693d68e8c6c49693d68', '693d68e89bc45693d68e89bc47693d68', 'نارنجی', 'DD9760'),
('693d68e8d5015693d68e8d501a693d68', '693d68e89bc45693d68e89bc47693d68', 'لاجوردی تیره', '0047AB'),
('693d68e8e54d8693d68e8e54dc693d68', '693d68e89bc45693d68e89bc47693d68', 'حنایی گرم', 'A52A2A'),
('693d68e8f38cb693d68e8f38cf693d68', '693d68e89bc45693d68e89bc47693d68', 'لاجوردی تیره', '0047AB'),
('693d68e91be4f693d68e91be54693d68', '693d68e89bc45693d68e89bc47693d68', 'لاجوردی تیره', '0047AB'),
('693d68e93c357693d68e93c35b693d68', '693d68e89bc45693d68e89bc47693d68', 'زرد طلایی', 'F4C430'),
('693d68ea58e59693d68ea58e5e693d68', '693d68e89bc45693d68e89bc47693d68', 'زرد طلایی', 'F4C430'),
('693d68ea8ddb5693d68ea8ddb9693d68', '693d68e89bc45693d68e89bc47693d68', 'آبی', '1433E1'),
('693d68eb13d12693d68eb13d16693d68', '693d68eb0100f693d68eb01012693d68', 'لاجوردی تیره', '0047AB'),
('693d68eb22191693d68eb22194693d68', '693d68eb0100f693d68eb01012693d68', 'قرمز پارسی', 'CC3333'),
('693d68eb30494693d68eb30499693d68', '693d68eb0100f693d68eb01012693d68', 'خاکی روشن', 'C3B091'),
('693d68eb3e890693d68eb3e894693d68', '693d68eb0100f693d68eb01012693d68', 'لاجوردی تیره', '0047AB'),
('693d68ec7f867693d68ec7f86b693d68', '693d68ec74726693d68ec74728693d68', 'زرد طلایی', 'F4C430'),
('693d68ec8dfb6693d68ec8dfba693d68', '693d68ec74726693d68ec74728693d68', 'سبز', '00A693'),
('693d68ecb4c0d693d68ecb4c11693d68', '693d68ec74726693d68ec74728693d68', 'حنایی گرم', 'A52A2A'),
('693d68ecea65e693d68ecea662693d68', '693d68ec74726693d68ec74728693d68', 'آبی', '1433E1'),
('693d68ed0bc24693d68ed0bc28693d68', '693d68ec74726693d68ec74728693d68', 'سبز', '00A693'),
('693d68ed1a085693d68ed1a089693d68', '693d68ec74726693d68ec74728693d68', 'حنایی گرم', 'A52A2A'),
('693d68ee6d4c7693d68ee6d4cc693d68', '693d68ee274ff693d68ee27501693d68', 'قرمز پارسی', 'CC3333'),
('693d68ee81a8f693d68ee81a93693d68', '693d68ee274ff693d68ee27501693d68', 'نارنجی', 'DD9760'),
('693d68ee91bdb693d68ee91bdf693d68', '693d68ee274ff693d68ee27501693d68', 'حنایی گرم', 'A52A2A'),
('693d68ee9c39d693d68ee9c3a1693d68', '693d68ee274ff693d68ee27501693d68', 'یشمی آرام', '00A86B'),
('693d68eea250c693d68eea250f693d68', '693d68ee274ff693d68ee27501693d68', 'خاکی روشن', 'C3B091'),
('693d68eea86e1693d68eea86e5693d68', '693d68ee274ff693d68ee27501693d68', 'حنایی گرم', 'A52A2A'),
('693d68ef53034693d68ef53038693d68', '693d68ef4bd7f693d68ef4bd81693d68', 'آبی', '1433E1'),
('693d68ef591b1693d68ef591b5693d68', '693d68ef4bd7f693d68ef4bd81693d68', 'لاجوردی تیره', '0047AB'),
('693d68ef5f346693d68ef5f34a693d68', '693d68ef4bd7f693d68ef4bd81693d68', 'حنایی گرم', 'A52A2A'),
('693d68ef65553693d68ef65556693d68', '693d68ef4bd7f693d68ef4bd81693d68', 'خاکی روشن', 'C3B091'),
('693d68ef6b7d3693d68ef6b7e0693d68', '693d68ef4bd7f693d68ef4bd81693d68', 'زرد طلایی', 'F4C430'),
('693d68ef7c3a2693d68ef7c3a7693d68', '693d68ef4bd7f693d68ef4bd81693d68', 'فیروزه‌ای درخشان', '40E0D0'),
('693d68efe182d693d68efe1831693d68', '693d68efdb8be693d68efdb8bf693d68', 'زرد طلایی', 'F4C430'),
('693d68efe78bf693d68efe78c3693d68', '693d68efdb8be693d68efdb8bf693d68', 'حنایی گرم', 'A52A2A'),
('693d68f001b69693d68f001b6e693d68', '693d68efdb8be693d68efdb8bf693d68', 'سبز', '00A693'),
('693d68f017d41693d68f017d46693d68', '693d68efdb8be693d68efdb8bf693d68', 'سبز', '00A693'),
('693d68f07dc77693d68f07dc7a693d68', '693d68f077aa8693d68f077aaa693d68', 'فیروزه‌ای درخشان', '40E0D0'),
('693d68f083e59693d68f083e5d693d68', '693d68f077aa8693d68f077aaa693d68', 'آبی', '1433E1'),
('693d68f089ff8693d68f089ffb693d68', '693d68f077aa8693d68f077aaa693d68', 'لاجوردی تیره', '0047AB'),
('693d68f090189693d68f09018c693d68', '693d68f077aa8693d68f077aaa693d68', 'یشمی آرام', '00A86B'),
('693d68f096321693d68f096325693d68', '693d68f077aa8693d68f077aaa693d68', 'نارنجی', 'DD9760'),
('693d68f1077c3693d68f1077d0693d68', '693d68f1026e0693d68f1026e2693d68', 'آبی', '1433E1'),
('693d68f11404e693d68f114054693d68', '693d68f1026e0693d68f1026e2693d68', 'قرمز پارسی', 'CC3333'),
('693d68f17b8db693d68f17b8e0693d68', '693d68f1026e0693d68f1026e2693d68', 'سبز', '00A693'),
('693d68f189d38693d68f189d3c693d68', '693d68f1026e0693d68f1026e2693d68', 'زرد طلایی', 'F4C430'),
('693d68f194326693d68f194329693d68', '693d68f1026e0693d68f1026e2693d68', 'قرمز پارسی', 'CC3333'),
('693d68f19c629693d68f19c62e693d68', '693d68f1026e0693d68f1026e2693d68', 'سبز', '00A693'),
('693d68f1a2797693d68f1a279b693d68', '693d68f1026e0693d68f1026e2693d68', 'قرمز پارسی', 'CC3333'),
('693d68f1acac1693d68f1acac6693d68', '693d68f1026e0693d68f1026e2693d68', 'سبز', '00A693'),
('693d68f1c0a5d693d68f1c0a61693d68', '693d68f1026e0693d68f1026e2693d68', 'لاجوردی تیره', '0047AB'),
('693d68f2017ea693d68f2017ed693d68', '693d68f1efea2693d68f1efea4693d68', 'نارنجی', 'DD9760'),
('693d68f209e9e693d68f209ea2693d68', '693d68f1efea2693d68f1efea4693d68', 'قرمز پارسی', 'CC3333'),
('693d68f21001c693d68f21001f693d68', '693d68f1efea2693d68f1efea4693d68', 'فیروزه‌ای درخشان', '40E0D0'),
('693d68f2182a6693d68f2182aa693d68', '693d68f1efea2693d68f1efea4693d68', 'خاکی روشن', 'C3B091'),
('693d68f220492693d68f220495693d68', '693d68f1efea2693d68f1efea4693d68', 'قرمز پارسی', 'CC3333'),
('693d68f22a8a6693d68f22a8aa693d68', '693d68f1efea2693d68f1efea4693d68', 'آبی', '1433E1'),
('693d68f230909693d68f23090d693d68', '693d68f1efea2693d68f1efea4693d68', 'لاجوردی تیره', '0047AB'),
('693d68f23cce6693d68f23ccf4693d68', '693d68f1efea2693d68f1efea4693d68', 'لاجوردی تیره', '0047AB'),
('693d68f242e2b693d68f242e2e693d68', '693d68f1efea2693d68f1efea4693d68', 'لاجوردی تیره', '0047AB'),
('693d68f248fd5693d68f248fd9693d68', '693d68f1efea2693d68f1efea4693d68', 'سبز', '00A693'),
('693d68f2dd907693d68f2dd918693d68', '693d68f2d3714693d68f2d3716693d68', 'یشمی آرام', '00A86B'),
('693d68f2e3a44693d68f2e3a48693d68', '693d68f2d3714693d68f2d3716693d68', 'خاکی روشن', 'C3B091'),
('693d68f2e9bd9693d68f2e9bdd693d68', '693d68f2d3714693d68f2d3716693d68', 'حنایی گرم', 'A52A2A'),
('693d68f2f1e48693d68f2f1e4c693d68', '693d68f2d3714693d68f2d3716693d68', 'نارنجی', 'DD9760'),
('693d68f35d0b9693d68f35d0be693d68', '693d68f3578d0693d68f3578d1693d68', 'خاکی روشن', 'C3B091'),
('693d68f363397693d68f36339b693d68', '693d68f3578d0693d68f3578d1693d68', 'قرمز پارسی', 'CC3333'),
('693d68f36bafe693d68f36bb02693d68', '693d68f3578d0693d68f3578d1693d68', 'قرمز پارسی', 'CC3333'),
('693d68f37bf09693d68f37bf0d693d68', '693d68f3578d0693d68f3578d1693d68', 'فیروزه‌ای درخشان', '40E0D0'),
('693d68f3820d6693d68f3820da693d68', '693d68f3578d0693d68f3578d1693d68', 'لاجوردی تیره', '0047AB'),
('693d68f3a97bc693d68f3a97c1693d68', '693d68f3578d0693d68f3578d1693d68', 'فیروزه‌ای درخشان', '40E0D0'),
('693d68f3cf5a6693d68f3cf5ab693d68', '693d68f3578d0693d68f3578d1693d68', 'قرمز پارسی', 'CC3333'),
('693d68f409cc9693d68f409ccd693d68', '693d68f3578d0693d68f3578d1693d68', 'لاجوردی تیره', '0047AB'),
('693d68f4163ad693d68f4163b1693d68', '693d68f3578d0693d68f3578d1693d68', 'خاکی روشن', 'C3B091'),
('693d68f41c549693d68f41c54c693d68', '693d68f3578d0693d68f3578d1693d68', 'فیروزه‌ای درخشان', '40E0D0'),
('693d68f4bca94693d68f4bca97693d68', '693d68f4b7e18693d68f4b7e1a693d68', 'خاکی روشن', 'C3B091'),
('693d68f4c54cc693d68f4c54d0693d68', '693d68f4b7e18693d68f4b7e1a693d68', 'قرمز پارسی', 'CC3333'),
('693d68f4cd61e693d68f4cd622693d68', '693d68f4b7e18693d68f4b7e1a693d68', 'نارنجی', 'DD9760'),
('693d68f4d998e693d68f4d9992693d68', '693d68f4b7e18693d68f4b7e1a693d68', 'حنایی گرم', 'A52A2A'),
('693d68f4dfb2f693d68f4dfb33693d68', '693d68f4b7e18693d68f4b7e1a693d68', 'لاجوردی تیره', '0047AB'),
('693d68f4f2110693d68f4f2114693d68', '693d68f4b7e18693d68f4b7e1a693d68', 'آبی', '1433E1'),
('693d68f50606c693d68f506070693d68', '693d68f4b7e18693d68f4b7e1a693d68', 'سبز', '00A693'),
('693d68f524894693d68f524899693d68', '693d68f4b7e18693d68f4b7e1a693d68', 'حنایی گرم', 'A52A2A'),
('693d68f52ca9e693d68f52caa1693d68', '693d68f4b7e18693d68f4b7e1a693d68', 'لاجوردی تیره', '0047AB'),
('693d68f532da3693d68f532da7693d68', '693d68f4b7e18693d68f4b7e1a693d68', 'زرد طلایی', 'F4C430'),
('693d68f57b96a693d68f57b96e693d68', '693d68f5752f2693d68f5752f4693d68', 'سبز', '00A693'),
('693d68f582322693d68f582326693d68', '693d68f5752f2693d68f5752f4693d68', 'یشمی آرام', '00A86B'),
('693d68f59269a693d68f59269e693d68', '693d68f5752f2693d68f5752f4693d68', 'یشمی آرام', '00A86B'),
('693d68f59885a693d68f59885e693d68', '693d68f5752f2693d68f5752f4693d68', 'آبی', '1433E1'),
('693d68f5a0aa6693d68f5a0ab4693d68', '693d68f5752f2693d68f5752f4693d68', 'آبی', '1433E1'),
('693d68f5a6c3a693d68f5a6c3d693d68', '693d68f5752f2693d68f5752f4693d68', 'حنایی گرم', 'A52A2A'),
('693d68f5acde8693d68f5acdf5693d68', '693d68f5752f2693d68f5752f4693d68', 'آبی', '1433E1'),
('693d68f6aeee6693d68f6aeeea693d68', '693d68f69199c693d68f69199e693d68', 'قرمز پارسی', 'CC3333'),
('693d68f6b91b3693d68f6b91c0693d68', '693d68f69199c693d68f69199e693d68', 'خاکی روشن', 'C3B091'),
('693d68f6c13d9693d68f6c13dc693d68', '693d68f69199c693d68f69199e693d68', 'آبی', '1433E1'),
('693d68f6c6fe8693d68f6c6fec693d68', '693d68f69199c693d68f69199e693d68', 'سبز', '00A693'),
('693d68f6ddbec693d68f6ddbf0693d68', '693d68f69199c693d68f69199e693d68', 'فیروزه‌ای درخشان', '40E0D0'),
('693d68f6e9f71693d68f6e9f80693d68', '693d68f69199c693d68f69199e693d68', 'قرمز پارسی', 'CC3333'),
('693d68f7ea6b2693d68f7ea6b6693d68', '693d68f7def1e693d68f7def20693d68', 'نارنجی', 'DD9760'),
('693d68f7efaae693d68f7efabb693d68', '693d68f7def1e693d68f7def20693d68', 'آبی', '1433E1'),
('693d68f80622e693d68f806233693d68', '693d68f7def1e693d68f7def20693d68', 'یشمی آرام', '00A86B'),
('693d68f80c3b4693d68f80c3b7693d68', '693d68f7def1e693d68f7def20693d68', 'لاجوردی تیره', '0047AB'),
('693d68f811d52693d68f811d56693d68', '693d68f7def1e693d68f7def20693d68', 'آبی', '1433E1'),
('693d68f8718dc693d68f8718e0693d68', '693d68f86ae3c693d68f86ae3f693d68', 'زرد طلایی', 'F4C430'),
('693d68f8869f8693d68f8869fd693d68', '693d68f86ae3c693d68f86ae3f693d68', 'حنایی گرم', 'A52A2A'),
('693d68f8a2527693d68f8a252b693d68', '693d68f86ae3c693d68f86ae3f693d68', 'زرد طلایی', 'F4C430'),
('693d68f8acfcf693d68f8acfd3693d68', '693d68f86ae3c693d68f86ae3f693d68', 'حنایی گرم', 'A52A2A'),
('693d68f8b3157693d68f8b315a693d68', '693d68f86ae3c693d68f86ae3f693d68', 'نارنجی', 'DD9760'),
('693d68f8bb3de693d68f8bb3e2693d68', '693d68f86ae3c693d68f86ae3f693d68', 'فیروزه‌ای درخشان', '40E0D0'),
('693d68f9579a1693d68f9579a6693d68', '693d68f951425693d68f951427693d68', 'حنایی گرم', 'A52A2A'),
('693d68f95db21693d68f95db24693d68', '693d68f951425693d68f951427693d68', 'خاکی روشن', 'C3B091'),
('693d68f96735a693d68f96735e693d68', '693d68f951425693d68f951427693d68', 'نارنجی', 'DD9760'),
('693d68f96df94693d68f96df98693d68', '693d68f951425693d68f951427693d68', 'قرمز پارسی', 'CC3333'),
('693d68f9761e2693d68f9761e6693d68', '693d68f951425693d68f951427693d68', 'یشمی آرام', '00A86B'),
('693d68f97e43d693d68f97e442693d68', '693d68f951425693d68f951427693d68', 'حنایی گرم', 'A52A2A'),
('693d68fa3b25f693d68fa3b263693d68', '693d68fa21f97693d68fa21f99693d68', 'حنایی گرم', 'A52A2A'),
('693d68fa4551e693d68fa45521693d68', '693d68fa21f97693d68fa21f99693d68', 'آبی', '1433E1'),
('693d68faaf325693d68faaf329693d68', '693d68fa9a8e0693d68fa9a8e2693d68', 'خاکی روشن', 'C3B091'),
('693d68fab6c4c693d68fab6c50693d68', '693d68fa9a8e0693d68fa9a8e2693d68', 'قرمز پارسی', 'CC3333'),
('693d68fac3786693d68fac378b693d68', '693d68fa9a8e0693d68fa9a8e2693d68', 'حنایی گرم', 'A52A2A'),
('693d68fac997a693d68fac9980693d68', '693d68fa9a8e0693d68fa9a8e2693d68', 'حنایی گرم', 'A52A2A'),
('693d68facfba2693d68facfba6693d68', '693d68fa9a8e0693d68fa9a8e2693d68', 'خاکی روشن', 'C3B091'),
('693d68fad5481693d68fad5485693d68', '693d68fa9a8e0693d68fa9a8e2693d68', 'خاکی روشن', 'C3B091'),
('693d68fae201f693d68fae2024693d68', '693d68fa9a8e0693d68fa9a8e2693d68', 'یشمی آرام', '00A86B'),
('693d68faf03ef693d68faf03f4693d68', '693d68fa9a8e0693d68fa9a8e2693d68', 'حنایی گرم', 'A52A2A'),
('693d68fc1a185693d68fc1a189693d68', '693d68fc150f2693d68fc150f4693d68', 'لاجوردی تیره', '0047AB'),
('693d68fc20c2a693d68fc20c2e693d68', '693d68fc150f2693d68fc150f4693d68', 'لاجوردی تیره', '0047AB'),
('693d68fc33bad693d68fc33bb1693d68', '693d68fc150f2693d68fc150f4693d68', 'فیروزه‌ای درخشان', '40E0D0'),
('693d68fc57f73693d68fc57f77693d68', '693d68fc150f2693d68fc150f4693d68', 'حنایی گرم', 'A52A2A'),
('693d68fc65f41693d68fc65f45693d68', '693d68fc150f2693d68fc150f4693d68', 'خاکی روشن', 'C3B091'),
('693d68fc74306693d68fc7430b693d68', '693d68fc150f2693d68fc150f4693d68', 'حنایی گرم', 'A52A2A'),
('693d68fc7e220693d68fc7e224693d68', '693d68fc150f2693d68fc150f4693d68', 'سبز', '00A693'),
('693d68fc83fc4693d68fc83fc8693d68', '693d68fc150f2693d68fc150f4693d68', 'فیروزه‌ای درخشان', '40E0D0'),
('693d68fc8ea60693d68fc8ea65693d68', '693d68fc150f2693d68fc150f4693d68', 'خاکی روشن', 'C3B091'),
('693d68fc94be6693d68fc94be9693d68', '693d68fc150f2693d68fc150f4693d68', 'فیروزه‌ای درخشان', '40E0D0'),
('693d68fcee503693d68fcee507693d68', '693d68fce5296693d68fce5298693d68', 'سبز', '00A693'),
('693d68fd086ab693d68fd086af693d68', '693d68fce5296693d68fce5298693d68', 'نارنجی', 'DD9760'),
('693d68fd0e808693d68fd0e80c693d68', '693d68fce5296693d68fce5298693d68', 'آبی', '1433E1'),
('693d68fd18ad6693d68fd18ada693d68', '693d68fce5296693d68fce5298693d68', 'قرمز پارسی', 'CC3333'),
('693d68fd498c6693d68fd498ca693d68', '693d68fd405db693d68fd405dd693d68', 'نارنجی', 'DD9760'),
('693d68fde0219693d68fde021d693d68', '693d68fdd45b7693d68fdd45b9693d68', 'نارنجی', 'DD9760'),
('693d68fde5b8e693d68fde5b92693d68', '693d68fdd45b7693d68fdd45b9693d68', 'قرمز پارسی', 'CC3333'),
('693d68fe0289e693d68fe028a2693d68', '693d68fdd45b7693d68fdd45b9693d68', 'سبز', '00A693'),
('693d68fe0c8bf693d68fe0c8cc693d68', '693d68fdd45b7693d68fdd45b9693d68', 'فیروزه‌ای درخشان', '40E0D0'),
('693d68fe14b32693d68fe14b37693d68', '693d68fdd45b7693d68fdd45b9693d68', 'خاکی روشن', 'C3B091'),
('693d68fe1ac90693d68fe1ac93693d68', '693d68fdd45b7693d68fdd45b9693d68', 'فیروزه‌ای درخشان', '40E0D0'),
('693d68fe73ceb693d68fe73cef693d68', '693d68fe5bbb4693d68fe5bbb6693d68', 'آبی', '1433E1'),
('693d68fe7a6cc693d68fe7a6d0693d68', '693d68fe5bbb4693d68fe5bbb6693d68', 'خاکی روشن', 'C3B091'),
('693d68fe849b3693d68fe849b7693d68', '693d68fe5bbb4693d68fe5bbb6693d68', 'یشمی آرام', '00A86B'),
('693d68fe8c262693d68fe8c266693d68', '693d68fe5bbb4693d68fe5bbb6693d68', 'یشمی آرام', '00A86B'),
('693d68fe92d8d693d68fe92d91693d68', '693d68fe5bbb4693d68fe5bbb6693d68', 'سبز', '00A693'),
('693d68fe985ba693d68fe985be693d68', '693d68fe5bbb4693d68fe5bbb6693d68', 'خاکی روشن', 'C3B091'),
('693d68fe9f0ca693d68fe9f0ce693d68', '693d68fe5bbb4693d68fe5bbb6693d68', 'خاکی روشن', 'C3B091'),
('693d68ff5bf1d693d68ff5bf20693d68', '693d68ff55b24693d68ff55b26693d68', 'قرمز پارسی', 'CC3333'),
('693d68ff6426c693d68ff64270693d68', '693d68ff55b24693d68ff55b26693d68', 'زرد طلایی', 'F4C430'),
('693d68ffbb130693d68ffbb135693d68', '693d68ff55b24693d68ff55b26693d68', 'نارنجی', 'DD9760'),
('693d68ffc5c43693d68ffc5c55693d68', '693d68ff55b24693d68ff55b26693d68', 'خاکی روشن', 'C3B091'),
('693d68ffcb468693d68ffcb46c693d68', '693d68ff55b24693d68ff55b26693d68', 'زرد طلایی', 'F4C430'),
('693d68ffd60cf693d68ffd60d3693d68', '693d68ff55b24693d68ff55b26693d68', 'حنایی گرم', 'A52A2A'),
('693d68ffe8597693d68ffe859b693d68', '693d68ff55b24693d68ff55b26693d68', 'قرمز پارسی', 'CC3333'),
('693d68ffefd2e693d68ffefd32693d68', '693d68ff55b24693d68ff55b26693d68', 'لاجوردی تیره', '0047AB'),
('693d6900047d9693d6900047dd693d69', '693d68ff55b24693d68ff55b26693d68', 'زرد طلایی', 'F4C430'),
('693d6900b3826693d6900b382a693d69', '693d6900a5e5b693d6900a5e5d693d69', 'فیروزه‌ای درخشان', '40E0D0'),
('693d6900bbb47693d6900bbb54693d69', '693d6900a5e5b693d6900a5e5d693d69', 'نارنجی', 'DD9760'),
('693d6900cd486693d6900cd48b693d69', '693d6900a5e5b693d6900a5e5d693d69', 'سبز', '00A693'),
('693d6900e7be1693d6900e7be5693d69', '693d6900a5e5b693d6900a5e5d693d69', 'لاجوردی تیره', '0047AB'),
('693d69011b3b0693d69011b3b4693d69', '693d6900a5e5b693d6900a5e5d693d69', 'زرد طلایی', 'F4C430'),
('693d69016056b693d690160570693d69', '693d6900a5e5b693d6900a5e5d693d69', 'لاجوردی تیره', '0047AB'),
('693d6901ee8cb693d6901ee8ce693d69', '693d6901e7574693d6901e7576693d69', 'یشمی آرام', '00A86B'),
('693d690201e6e693d690201e72693d69', '693d6901e7574693d6901e7576693d69', 'سبز', '00A693'),
('693d690208a70693d690208a74693d69', '693d6901e7574693d6901e7576693d69', 'زرد طلایی', 'F4C430'),
('693d69020e192693d69020e196693d69', '693d6901e7574693d6901e7576693d69', 'لاجوردی تیره', '0047AB'),
('693d690214db1693d690214db5693d69', '693d6901e7574693d6901e7576693d69', 'نارنجی', 'DD9760'),
('693d69021c5b4693d69021c5b8693d69', '693d6901e7574693d6901e7576693d69', 'فیروزه‌ای درخشان', '40E0D0'),
('693d6902231bd693d6902231c2693d69', '693d6901e7574693d6901e7576693d69', 'فیروزه‌ای درخشان', '40E0D0'),
('693d6902288cf693d6902288d3693d69', '693d6901e7574693d6901e7576693d69', 'سبز', '00A693'),
('693d69022f515693d69022f518693d69', '693d6901e7574693d6901e7576693d69', 'خاکی روشن', 'C3B091'),
('693d6902a75e1693d6902a75e4693d69', '693d6902a07b3693d6902a07b5693d69', 'یشمی آرام', '00A86B'),
('693d6902d4440693d6902d4445693d69', '693d6902ce1c1693d6902ce1c3693d69', 'لاجوردی تیره', '0047AB'),
('693d6902d9880693d6902d9883693d69', '693d6902ce1c1693d6902ce1c3693d69', 'قرمز پارسی', 'CC3333'),
('693d6902e083f693d6902e0843693d69', '693d6902ce1c1693d6902ce1c3693d69', 'یشمی آرام', '00A86B'),
('693d6902e5be1693d6902e5be5693d69', '693d6902ce1c1693d6902ce1c3693d69', 'خاکی روشن', 'C3B091'),
('693d6902ecb20693d6902ecb24693d69', '693d6902ce1c1693d6902ce1c3693d69', 'خاکی روشن', 'C3B091'),
('693d690301e62693d690301e67693d69', '693d6902ce1c1693d6902ce1c3693d69', 'آبی', '1433E1'),
('693d690308d3f693d690308d42693d69', '693d6902ce1c1693d6902ce1c3693d69', 'فیروزه‌ای درخشان', '40E0D0'),
('693d6903b0fa1693d6903b0faf693d69', '693d690393af2693d690393af4693d69', 'خاکی روشن', 'C3B091'),
('693d6903c612d693d6903c6132693d69', '693d690393af2693d690393af4693d69', 'لاجوردی تیره', '0047AB'),
('693d6903cd61e693d6903cd623693d69', '693d690393af2693d690393af4693d69', 'زرد طلایی', 'F4C430'),
('693d69042d847693d69042d84b693d69', '693d690426d5b693d690426d5d693d69', 'سبز', '00A693'),
('693d690432c70693d690432c75693d69', '693d690426d5b693d690426d5d693d69', 'سبز', '00A693'),
('693d69044311d693d690443130693d69', '693d690426d5b693d690426d5d693d69', 'یشمی آرام', '00A86B'),
('693d690451495693d690451498693d69', '693d690426d5b693d690426d5d693d69', 'قرمز پارسی', 'CC3333'),
('693d6904576e5693d6904576e7693d69', '693d690426d5b693d690426d5d693d69', 'یشمی آرام', '00A86B'),
('693d69050003c693d690500041693d69', '693d6904e70c9693d6904e70cb693d69', 'خاکی روشن', 'C3B091'),
('693d690504da2693d690504da7693d69', '693d6904e70c9693d6904e70cb693d69', 'خاکی روشن', 'C3B091'),
('693d69050a3fb693d69050a3fe693d69', '693d6904e70c9693d6904e70cb693d69', 'قرمز پارسی', 'CC3333'),
('693d69051b3c8693d69051b3ca693d69', '693d6904e70c9693d6904e70cb693d69', 'قرمز پارسی', 'CC3333'),
('693d690522906693d690522908693d69', '693d6904e70c9693d6904e70cb693d69', 'خاکی روشن', 'C3B091'),
('693d6905277a3693d6905277a7693d69', '693d6904e70c9693d6904e70cb693d69', 'نارنجی', 'DD9760'),
('693d69052cc45693d69052cc49693d69', '693d6904e70c9693d6904e70cb693d69', 'حنایی گرم', 'A52A2A'),
('693d690534ce8693d690534cec693d69', '693d6904e70c9693d6904e70cb693d69', 'خاکی روشن', 'C3B091'),
('693d69057e283693d69057e288693d69', '693d690579981693d690579983693d69', 'قرمز پارسی', 'CC3333'),
('693d690585090693d690585095693d69', '693d690579981693d690579983693d69', 'آبی', '1433E1'),
('693d6905906ee693d6905906f2693d69', '693d690579981693d690579983693d69', 'حنایی گرم', 'A52A2A'),
('693d6906be12b693d6906be12e693d69', '693d6906b8fee693d6906b8fef693d69', 'حنایی گرم', 'A52A2A'),
('693d6906cb7c1693d6906cb7c6693d69', '693d6906b8fee693d6906b8fef693d69', 'حنایی گرم', 'A52A2A'),
('693d6906da93f693d6906da943693d69', '693d6906b8fee693d6906b8fef693d69', 'نارنجی', 'DD9760'),
('693d6906e2b75693d6906e2b7a693d69', '693d6906b8fee693d6906b8fef693d69', 'خاکی روشن', 'C3B091'),
('693d6906f41de693d6906f41e3693d69', '693d6906b8fee693d6906b8fef693d69', 'زرد طلایی', 'F4C430'),
('693d69071330c693d690713310693d69', '693d6906b8fee693d6906b8fef693d69', 'آبی', '1433E1'),
('693d690718760693d690718765693d69', '693d6906b8fee693d6906b8fef693d69', 'نارنجی', 'DD9760'),
('693d69071d5fc693d69071d600693d69', '693d6906b8fee693d6906b8fef693d69', 'قرمز پارسی', 'CC3333'),
('693d690722a40693d690722a44693d69', '693d6906b8fee693d6906b8fef693d69', 'نارنجی', 'DD9760'),
('693d6907b1e84693d6907b1e89693d69', '693d6907acda9693d6907acdab693d69', 'فیروزه‌ای درخشان', '40E0D0'),
('693d6907b534f693d6907b5351693d69', '693d6907acda9693d6907acdab693d69', 'نارنجی', 'DD9760');

-- --------------------------------------------------------

--
-- Table structure for table `dibas_products_material`
--

CREATE TABLE `dibas_products_material` (
  `id` varchar(32) NOT NULL,
  `product` varchar(32) NOT NULL,
  `material` varchar(32) NOT NULL
) ENGINE=InnoDB DEFAULT CHARSET=utf8mb4 COLLATE=utf8mb4_general_ci;

--
-- Dumping data for table `dibas_products_material`
--

INSERT INTO `dibas_products_material` (`id`, `product`, `material`) VALUES
('693d68cd62279693d68cd62286693d68', '693d68ccdba01693d68ccdba03693d68', 'مروارید'),
('693d68cd9154f693d68cd91554693d68', '693d68ccdba01693d68ccdba03693d68', 'طلا'),
('693d68cda54f0693d68cda54f4693d68', '693d68ccdba01693d68ccdba03693d68', 'کریستال'),
('693d68cdb38de693d68cdb38e2693d68', '693d68ccdba01693d68ccdba03693d68', 'رزین'),
('693d68cf707a2693d68cf707a7693d68', '693d68cde5689693d68cde568c693d68', 'کریستال'),
('693d68cf80ad2693d68cf80ad6693d68', '693d68cde5689693d68cde568c693d68', 'چرم مصنوعی'),
('693d68cf9108f693d68cf91093693d68', '693d68cde5689693d68cde568c693d68', 'استیل ضد زنگ'),
('693d68cfb19b1693d68cfb19b6693d68', '693d68cde5689693d68cde568c693d68', 'برنج'),
('693d68cfd6361693d68cfd636e693d68', '693d68cde5689693d68cde568c693d68', 'مروارید'),
('693d68d041b4e693d68d041b52693d68', '693d68d01358c693d68d01358e693d68', 'نقره'),
('693d68d04ff5f693d68d04ff64693d68', '693d68d01358c693d68d01358e693d68', 'طلا'),
('693d68d05e306693d68d05e30b693d68', '693d68d01358c693d68d01358e693d68', 'استیل ضد زنگ'),
('693d68d0734f9693d68d0734fd693d68', '693d68d01358c693d68d01358e693d68', 'کریستال'),
('693d68d082d0b693d68d082d0f693d68', '693d68d01358c693d68d01358e693d68', 'کریستال'),
('693d68d13ba7a693d68d13ba7e693d68', '693d68d1117f1693d68d1117f3693d68', 'مس'),
('693d68d149e0b693d68d149e0f693d68', '693d68d1117f1693d68d1117f3693d68', 'طلا'),
('693d68d15a2b9693d68d15a2be693d68', '693d68d1117f1693d68d1117f3693d68', 'چرم مصنوعی'),
('693d68d168661693d68d168665693d68', '693d68d1117f1693d68d1117f3693d68', 'استیل ضد زنگ'),
('693d68d176a8b693d68d176a8f693d68', '693d68d1117f1693d68d1117f3693d68', 'استیل ضد زنگ'),
('693d68d184e4c693d68d184e51693d68', '693d68d1117f1693d68d1117f3693d68', 'استیل ضد زنگ'),
('693d68d1911c7693d68d1911cc693d68', '693d68d1117f1693d68d1117f3693d68', 'چرم مصنوعی'),
('693d68d19f56b693d68d19f56f693d68', '693d68d1117f1693d68d1117f3693d68', 'رزین'),
('693d68d1ad980693d68d1ad985693d68', '693d68d1117f1693d68d1117f3693d68', 'چرم طبیعی'),
('693d68d1bbd38693d68d1bbd3d693d68', '693d68d1117f1693d68d1117f3693d68', 'چرم مصنوعی'),
('693d68d28d114693d68d28d119693d68', '693d68d261d63693d68d261d65693d68', 'طلا'),
('693d68d37cd3e693d68d37cd42693d68', '693d68d34c779693d68d34c77a693d68', 'برنج'),
('693d68d38b0cc693d68d38b0d0693d68', '693d68d34c779693d68d34c77a693d68', 'رزین'),
('693d68d484fd3693d68d484fd8693d68', '693d68d3f321e693d68d3f3220693d68', 'برنج'),
('693d68d4933b4693d68d4933b9693d68', '693d68d3f321e693d68d3f3220693d68', 'کریستال'),
('693d68d4a43b0693d68d4a43b5693d68', '693d68d3f321e693d68d3f3220693d68', 'طلا'),
('693d68d4b1b27693d68d4b1b2b693d68', '693d68d3f321e693d68d3f3220693d68', 'چرم طبیعی'),
('693d68d4c40fb693d68d4c4100693d68', '693d68d3f321e693d68d3f3220693d68', 'مروارید'),
('693d68d4d24d2693d68d4d24d7693d68', '693d68d3f321e693d68d3f3220693d68', 'استیل ضد زنگ'),
('693d68d4e08b7693d68d4e08bb693d68', '693d68d3f321e693d68d3f3220693d68', 'برنج'),
('693d68d631a28693d68d631a2c693d68', '693d68d589661693d68d589663693d68', 'مس'),
('693d68d63fe12693d68d63fe16693d68', '693d68d589661693d68d589663693d68', 'طلا'),
('693d68d64e1f8693d68d64e1fc693d68', '693d68d589661693d68d589663693d68', 'مروارید'),
('693d68d65c5e6693d68d65c5eb693d68', '693d68d589661693d68d589663693d68', 'مس'),
('693d68d66a9a6693d68d66a9aa693d68', '693d68d589661693d68d589663693d68', 'نقره'),
('693d68d67ad3f693d68d67ad43693d68', '693d68d589661693d68d589663693d68', 'چرم طبیعی'),
('693d68d687191693d68d687195693d68', '693d68d589661693d68d589663693d68', 'رزین'),
('693d68d69556a693d68d69556e693d68', '693d68d589661693d68d589663693d68', 'مروارید'),
('693d68d6a392b693d68d6a392f693d68', '693d68d589661693d68d589663693d68', 'استیل ضد زنگ'),
('693d68d6b1d6e693d68d6b1d7c693d68', '693d68d589661693d68d589663693d68', 'طلا'),
('693d68d7b7f53693d68d7b7f58693d68', '693d68d72da3c693d68d72da3e693d68', 'چرم طبیعی'),
('693d68d7c88e1693d68d7c88ef693d68', '693d68d72da3c693d68d72da3e693d68', 'رزین'),
('693d68da19422693d68da19426693d68', '693d68d956116693d68d956118693d68', 'چرم طبیعی'),
('693d68da35d5b693d68da35d6a693d68', '693d68d956116693d68d956118693d68', 'نقره'),
('693d68db1f79b693d68db1f7a0693d68', '693d68d956116693d68d956118693d68', 'رزین'),
('693d68db6ddbb693d68db6ddc0693d68', '693d68d956116693d68d956118693d68', 'طلا'),
('693d68db9fad1693d68db9fad5693d68', '693d68d956116693d68d956118693d68', 'چرم مصنوعی'),
('693d68dbadea2693d68dbadea7693d68', '693d68d956116693d68d956118693d68', 'مس'),
('693d68dbbc296693d68dbbc29a693d68', '693d68d956116693d68d956118693d68', 'استیل ضد زنگ'),
('693d68dbcc751693d68dbcc755693d68', '693d68d956116693d68d956118693d68', 'کریستال'),
('693d68dbdcb63693d68dbdcb68693d68', '693d68d956116693d68d956118693d68', 'برنج'),
('693d68dc654aa693d68dc654ae693d68', '693d68dc26ee4693d68dc26ee6693d68', 'کریستال'),
('693d68dc7c4a2693d68dc7c4a6693d68', '693d68dc26ee4693d68dc26ee6693d68', 'مروارید'),
('693d68dc8b602693d68dc8b607693d68', '693d68dc26ee4693d68dc26ee6693d68', 'طلا'),
('693d68dca7da9693d68dca7dae693d68', '693d68dc26ee4693d68dc26ee6693d68', 'طلا'),
('693d68dcb40c6693d68dcb40d5693d68', '693d68dc26ee4693d68dc26ee6693d68', 'مروارید'),
('693d68dcc454e693d68dcc4560693d68', '693d68dc26ee4693d68dc26ee6693d68', 'مروارید'),
('693d68dcd2944693d68dcd2949693d68', '693d68dc26ee4693d68dc26ee6693d68', 'مس'),
('693d68dd8341e693d68dd83422693d68', '693d68dcf3684693d68dcf3685693d68', 'مروارید'),
('693d68dd917f7693d68dd917fb693d68', '693d68dcf3684693d68dcf3685693d68', 'استیل ضد زنگ'),
('693d68dd9fc25693d68dd9fc29693d68', '693d68dcf3684693d68dcf3685693d68', 'مروارید'),
('693d68ddba30b693d68ddba30f693d68', '693d68dcf3684693d68dcf3685693d68', 'استیل ضد زنگ'),
('693d68ddc8706693d68ddc870a693d68', '693d68dcf3684693d68dcf3685693d68', 'رزین'),
('693d68ddd6af4693d68ddd6af8693d68', '693d68dcf3684693d68dcf3685693d68', 'چرم مصنوعی'),
('693d68dde4ede693d68dde4ee2693d68', '693d68dcf3684693d68dcf3685693d68', 'چرم مصنوعی'),
('693d68de89834693d68de89838693d68', '693d68de1e0dc693d68de1e0de693d68', 'چرم مصنوعی'),
('693d68de97a11693d68de97a15693d68', '693d68de1e0dc693d68de1e0de693d68', 'مروارید'),
('693d68dea5e22693d68dea5e27693d68', '693d68de1e0dc693d68de1e0de693d68', 'مس'),
('693d68deb4223693d68deb4230693d68', '693d68de1e0dc693d68de1e0de693d68', 'مروارید'),
('693d68ded5371693d68ded5375693d68', '693d68de1e0dc693d68de1e0de693d68', 'چرم مصنوعی'),
('693d68dee2d4a693d68dee2d4f693d68', '693d68de1e0dc693d68de1e0de693d68', 'استیل ضد زنگ'),
('693d68def334b693d68def3350693d68', '693d68de1e0dc693d68de1e0de693d68', 'مس'),
('693d68df0dfb0693d68df0dfb4693d68', '693d68de1e0dc693d68de1e0de693d68', 'کریستال'),
('693d68df1d610693d68df1d615693d68', '693d68de1e0dc693d68de1e0de693d68', 'نقره'),
('693d68df2ddf5693d68df2ddf9693d68', '693d68de1e0dc693d68de1e0de693d68', 'استیل ضد زنگ'),
('693d68e225d41693d68e225d46693d68', '693d68e103bc2693d68e103bc4693d68', 'چرم مصنوعی'),
('693d68e26ce95693d68e26ce9a693d68', '693d68e103bc2693d68e103bc4693d68', 'چرم مصنوعی'),
('693d68e27b48e693d68e27b492693d68', '693d68e103bc2693d68e103bc4693d68', 'مس'),
('693d68e3a60a0693d68e3a60a4693d68', '693d68e2f2891693d68e2f2893693d68', 'استیل ضد زنگ'),
('693d68e3b4491693d68e3b4496693d68', '693d68e2f2891693d68e2f2893693d68', 'مروارید'),
('693d68e3c287a693d68e3c287e693d68', '693d68e2f2891693d68e2f2893693d68', 'مس'),
('693d68e3d0c3f693d68e3d0c43693d68', '693d68e2f2891693d68e2f2893693d68', 'مس'),
('693d68e3df05a693d68e3df05e693d68', '693d68e2f2891693d68e2f2893693d68', 'مروارید'),
('693d68e3ed437693d68e3ed43c693d68', '693d68e2f2891693d68e2f2893693d68', 'چرم مصنوعی'),
('693d68e558b26693d68e558b2a693d68', '693d68e456fe0693d68e456fe1693d68', 'نقره'),
('693d68e56bcea693d68e56bcef693d68', '693d68e456fe0693d68e456fe1693d68', 'چرم طبیعی'),
('693d68e57e9bf693d68e57e9c4693d68', '693d68e456fe0693d68e456fe1693d68', 'مس'),
('693d68e5a61e9693d68e5a61ee693d68', '693d68e456fe0693d68e456fe1693d68', 'کریستال'),
('693d68e5c8b50693d68e5c8b54693d68', '693d68e456fe0693d68e456fe1693d68', 'رزین'),
('693d68e5d6f44693d68e5d6f48693d68', '693d68e456fe0693d68e456fe1693d68', 'استیل ضد زنگ'),
('693d68e5e7376693d68e5e737a693d68', '693d68e456fe0693d68e456fe1693d68', 'طلا'),
('693d68e601540693d68e601544693d68', '693d68e456fe0693d68e456fe1693d68', 'رزین'),
('693d68e60f91f693d68e60f923693d68', '693d68e456fe0693d68e456fe1693d68', 'چرم طبیعی'),
('693d68e7b6747693d68e7b674b693d68', '693d68e70b8bc693d68e70b8bd693d68', 'طلا'),
('693d68e7d27fa693d68e7d27fe693d68', '693d68e70b8bc693d68e70b8bd693d68', 'چرم مصنوعی'),
('693d68e7e130f693d68e7e1313693d68', '693d68e70b8bc693d68e70b8bd693d68', 'کریستال'),
('693d68e8098ad693d68e8098b2693d68', '693d68e70b8bc693d68e70b8bd693d68', 'چرم مصنوعی'),
('693d68e8444ef693d68e8444f3693d68', '693d68e70b8bc693d68e70b8bd693d68', 'مروارید'),
('693d68eaa21ce693d68eaa21d2693d68', '693d68e89bc45693d68e89bc47693d68', 'مروارید'),
('693d68eab0740693d68eab0745693d68', '693d68e89bc45693d68e89bc47693d68', 'رزین'),
('693d68eb5b06e693d68eb5b07b693d68', '693d68eb0100f693d68eb01012693d68', 'چرم مصنوعی'),
('693d68eb927a8693d68eb927ad693d68', '693d68eb0100f693d68eb01012693d68', 'برنج'),
('693d68ebd3146693d68ebd314a693d68', '693d68eb0100f693d68eb01012693d68', 'برنج'),
('693d68ebe3fef693d68ebe3ff3693d68', '693d68eb0100f693d68eb01012693d68', 'نقره'),
('693d68ebf15de693d68ebf15e2693d68', '693d68eb0100f693d68eb01012693d68', 'رزین'),
('693d68ec0dca7693d68ec0dcac693d68', '693d68eb0100f693d68eb01012693d68', 'استیل ضد زنگ'),
('693d68ec1bc26693d68ec1bc2a693d68', '693d68eb0100f693d68eb01012693d68', 'برنج'),
('693d68ed2a421693d68ed2a425693d68', '693d68ec74726693d68ec74728693d68', 'چرم طبیعی'),
('693d68ed42ba4693d68ed42ba8693d68', '693d68ec74726693d68ec74728693d68', 'برنج'),
('693d68ed50ea8693d68ed50eac693d68', '693d68ec74726693d68ec74728693d68', 'مروارید'),
('693d68ed65528693d68ed6552c693d68', '693d68ec74726693d68ec74728693d68', 'طلا'),
('693d68ed77955693d68ed77959693d68', '693d68ec74726693d68ec74728693d68', 'چرم مصنوعی'),
('693d68ed85da4693d68ed85db3693d68', '693d68ec74726693d68ec74728693d68', 'مس'),
('693d68ed98634693d68ed98639693d68', '693d68ec74726693d68ec74728693d68', 'طلا'),
('693d68eda65ed693d68eda65f2693d68', '693d68ec74726693d68ec74728693d68', 'برنج'),
('693d68edc63be693d68edc63c2693d68', '693d68ec74726693d68ec74728693d68', 'چرم مصنوعی'),
('693d68eeae853693d68eeae856693d68', '693d68ee274ff693d68ee27501693d68', 'چرم طبیعی'),
('693d68eeb8b6d693d68eeb8b72693d68', '693d68ee274ff693d68ee27501693d68', 'طلا'),
('693d68eec0d5c693d68eec0d5f693d68', '693d68ee274ff693d68ee27501693d68', 'کریستال'),
('693d68eec6f38693d68eec6f3c693d68', '693d68ee274ff693d68ee27501693d68', 'برنج'),
('693d68eecf226693d68eecf22a693d68', '693d68ee274ff693d68ee27501693d68', 'استیل ضد زنگ'),
('693d68eed533d693d68eed5341693d68', '693d68ee274ff693d68ee27501693d68', 'برنج'),
('693d68eedf5c9693d68eedf5cd693d68', '693d68ee274ff693d68ee27501693d68', 'مس'),
('693d68eee576c693d68eee5770693d68', '693d68ee274ff693d68ee27501693d68', 'کریستال'),
('693d68eef3b7b693d68eef3b7f693d68', '693d68ee274ff693d68ee27501693d68', 'مروارید'),
('693d68ef83d9c693d68ef83da0693d68', '693d68ef4bd7f693d68ef4bd81693d68', 'کریستال'),
('693d68ef89f41693d68ef89f4e693d68', '693d68ef4bd7f693d68ef4bd81693d68', 'برنج'),
('693d68ef9e011693d68ef9e016693d68', '693d68ef4bd7f693d68ef4bd81693d68', 'استیل ضد زنگ'),
('693d68efa67e5693d68efa67e9693d68', '693d68ef4bd7f693d68ef4bd81693d68', 'رزین'),
('693d68efac8ac693d68efac8b0693d68', '693d68ef4bd7f693d68ef4bd81693d68', 'رزین'),
('693d68efb4af0693d68efb4af4693d68', '693d68ef4bd7f693d68ef4bd81693d68', 'استیل ضد زنگ'),
('693d68efbac89693d68efbac8d693d68', '693d68ef4bd7f693d68ef4bd81693d68', 'رزین'),
('693d68f01fe4c693d68f01fe4f693d68', '693d68efdb8be693d68efdb8bf693d68', 'چرم طبیعی'),
('693d68f028572693d68f028576693d68', '693d68efdb8be693d68efdb8bf693d68', 'استیل ضد زنگ'),
('693d68f02e896693d68f02e899693d68', '693d68efdb8be693d68efdb8bf693d68', 'مس'),
('693d68f0348aa693d68f0348ae693d68', '693d68efdb8be693d68efdb8bf693d68', 'مس'),
('693d68f05b30b693d68f05b310693d68', '693d68efdb8be693d68efdb8bf693d68', 'مس'),
('693d68f06146a693d68f06146e693d68', '693d68efdb8be693d68efdb8bf693d68', 'رزین'),
('693d68f0ad7e2693d68f0ad7e7693d68', '693d68f077aa8693d68f077aaa693d68', 'چرم مصنوعی'),
('693d68f1cb33d693d68f1cb341693d68', '693d68f1026e0693d68f1026e2693d68', 'کریستال'),
('693d68f24f295693d68f24f298693d68', '693d68f1efea2693d68f1efea4693d68', 'استیل ضد زنگ'),
('693d68f25534b693d68f25534e693d68', '693d68f1efea2693d68f1efea4693d68', 'چرم مصنوعی'),
('693d68f25f638693d68f25f63c693d68', '693d68f1efea2693d68f1efea4693d68', 'چرم طبیعی'),
('693d68f26b95f693d68f26b963693d68', '693d68f1efea2693d68f1efea4693d68', 'برنج'),
('693d68f271b16693d68f271b19693d68', '693d68f1efea2693d68f1efea4693d68', 'چرم مصنوعی'),
('693d68f28a5a5693d68f28a5a9693d68', '693d68f1efea2693d68f1efea4693d68', 'کریستال'),
('693d68f29240d693d68f292410693d68', '693d68f1efea2693d68f1efea4693d68', 'چرم مصنوعی'),
('693d68f30393b693d68f303947693d68', '693d68f2d3714693d68f2d3716693d68', 'نقره'),
('693d68f309f5c693d68f309f60693d68', '693d68f2d3714693d68f2d3716693d68', 'رزین'),
('693d68f31426c693d68f314270693d68', '693d68f2d3714693d68f2d3716693d68', 'استیل ضد زنگ'),
('693d68f31c48d693d68f31c491693d68', '693d68f2d3714693d68f2d3716693d68', 'رزین'),
('693d68f324695693d68f324699693d68', '693d68f2d3714693d68f2d3716693d68', 'چرم طبیعی'),
('693d68f32c98d693d68f32c991693d68', '693d68f2d3714693d68f2d3716693d68', 'نقره'),
('693d68f332ad8693d68f332adc693d68', '693d68f2d3714693d68f2d3716693d68', 'نقره'),
('693d68f42272b693d68f42272f693d68', '693d68f3578d0693d68f3578d1693d68', 'مروارید'),
('693d68f42888e693d68f428891693d68', '693d68f3578d0693d68f3578d1693d68', 'استیل ضد زنگ'),
('693d68f438464693d68f438468693d68', '693d68f3578d0693d68f3578d1693d68', 'استیل ضد زنگ'),
('693d68f43eef4693d68f43ef01693d68', '693d68f3578d0693d68f3578d1693d68', 'مروارید'),
('693d68f4491b2693d68f4491b6693d68', '693d68f3578d0693d68f3578d1693d68', 'طلا'),
('693d68f455526693d68f45552a693d68', '693d68f3578d0693d68f3578d1693d68', 'نقره'),
('693d68f461872693d68f461876693d68', '693d68f3578d0693d68f3578d1693d68', 'مس'),
('693d68f46bb5a693d68f46bb5e693d68', '693d68f3578d0693d68f3578d1693d68', 'برنج'),
('693d68f471cf2693d68f471cf6693d68', '693d68f3578d0693d68f3578d1693d68', 'چرم مصنوعی'),
('693d68f538e0c693d68f538e10693d68', '693d68f4b7e18693d68f4b7e1a693d68', 'رزین'),
('693d68f544a68693d68f544a6c693d68', '693d68f4b7e18693d68f4b7e1a693d68', 'کریستال'),
('693d68f548cc4693d68f548cc8693d68', '693d68f4b7e18693d68f4b7e1a693d68', 'چرم طبیعی'),
('693d68f5514a6693d68f5514aa693d68', '693d68f4b7e18693d68f4b7e1a693d68', 'چرم طبیعی'),
('693d68f5576ad693d68f5576b1693d68', '693d68f4b7e18693d68f4b7e1a693d68', 'مس'),
('693d68f55d803693d68f55d806693d68', '693d68f4b7e18693d68f4b7e1a693d68', 'مروارید'),
('693d68f563a32693d68f563a36693d68', '693d68f4b7e18693d68f4b7e1a693d68', 'مس'),
('693d68f5b2f86693d68f5b2f89693d68', '693d68f5752f2693d68f5752f4693d68', 'نقره'),
('693d68f5b914e693d68f5b9152693d68', '693d68f5752f2693d68f5752f4693d68', 'کریستال'),
('693d68f5bf2ca693d68f5bf2cd693d68', '693d68f5752f2693d68f5752f4693d68', 'طلا'),
('693d68f5c54d2693d68f5c54e0693d68', '693d68f5752f2693d68f5752f4693d68', 'کریستال'),
('693d68f5cfc5c693d68f5cfc60693d68', '693d68f5752f2693d68f5752f4693d68', 'مس'),
('693d68f5d5a32693d68f5d5a37693d68', '693d68f5752f2693d68f5752f4693d68', 'کریستال'),
('693d68f5db3e6693d68f5db3e9693d68', '693d68f5752f2693d68f5752f4693d68', 'مس'),
('693d68f5e5d90693d68f5e5d95693d68', '693d68f5752f2693d68f5752f4693d68', 'مس'),
('693d68f6f1c04693d68f6f1c08693d68', '693d68f69199c693d68f69199e693d68', 'رزین'),
('693d68f70dcae693d68f70dcb3693d68', '693d68f69199c693d68f69199e693d68', 'مروارید'),
('693d68f718686693d68f71868a693d68', '693d68f69199c693d68f69199e693d68', 'مس'),
('693d68f71e80c693d68f71e80f693d68', '693d68f69199c693d68f69199e693d68', 'چرم طبیعی'),
('693d68f7249b4693d68f7249b8693d68', '693d68f69199c693d68f69199e693d68', 'مروارید'),
('693d68f73451b693d68f73451f693d68', '693d68f69199c693d68f69199e693d68', 'مروارید'),
('693d68f73afd9693d68f73afdc693d68', '693d68f69199c693d68f69199e693d68', 'نقره'),
('693d68f747369693d68f74736d693d68', '693d68f69199c693d68f69199e693d68', 'مروارید'),
('693d68f74f57e693d68f74f582693d68', '693d68f69199c693d68f69199e693d68', 'چرم طبیعی'),
('693d68f755735693d68f755739693d68', '693d68f69199c693d68f69199e693d68', 'نقره'),
('693d68f818721693d68f818725693d68', '693d68f7def1e693d68f7def20693d68', 'چرم مصنوعی'),
('693d68f8c979d693d68f8c97a2693d68', '693d68f86ae3c693d68f86ae3f693d68', 'چرم مصنوعی'),
('693d68f8d3b03693d68f8d3b06693d68', '693d68f86ae3c693d68f86ae3f693d68', 'مس'),
('693d68f8d9c07693d68f8d9c0b693d68', '693d68f86ae3c693d68f86ae3f693d68', 'نقره'),
('693d68f8e7fec693d68f8e7ff0693d68', '693d68f86ae3c693d68f86ae3f693d68', 'چرم طبیعی'),
('693d68f8ee172693d68f8ee176693d68', '693d68f86ae3c693d68f86ae3f693d68', 'استیل ضد زنگ'),
('693d68f90421b693d68f904220693d68', '693d68f86ae3c693d68f86ae3f693d68', 'چرم طبیعی'),
('693d68f90a4a1693d68f90a4a6693d68', '693d68f86ae3c693d68f86ae3f693d68', 'چرم طبیعی'),
('693d68f9866a2693d68f9866b0693d68', '693d68f951425693d68f951427693d68', 'طلا'),
('693d68fa4f7df693d68fa4f7e3693d68', '693d68fa21f97693d68fa21f99693d68', 'رزین'),
('693d68fb07cea693d68fb07cee693d68', '693d68fa9a8e0693d68fa9a8e2693d68', 'استیل ضد زنگ'),
('693d68fb1279d693d68fb127a9693d68', '693d68fa9a8e0693d68fa9a8e2693d68', 'مس'),
('693d68fb3a2b1693d68fb3a2b5693d68', '693d68fa9a8e0693d68fa9a8e2693d68', 'چرم طبیعی'),
('693d68fc9ce85693d68fc9ce8a693d68', '693d68fc150f2693d68fc150f4693d68', 'برنج'),
('693d68fd1ec7a693d68fd1ec7d693d68', '693d68fce5296693d68fce5298693d68', 'برنج'),
('693d68fd24e4c693d68fd24e50693d68', '693d68fce5296693d68fce5298693d68', 'طلا'),
('693d68fd5be13693d68fd5be17693d68', '693d68fd405db693d68fd405dd693d68', 'چرم مصنوعی'),
('693d68fd64031693d68fd64035693d68', '693d68fd405db693d68fd405dd693d68', 'چرم مصنوعی'),
('693d68fd69944693d68fd69948693d68', '693d68fd405db693d68fd405dd693d68', 'طلا'),
('693d68fd74467693d68fd7446b693d68', '693d68fd405db693d68fd405dd693d68', 'مس'),
('693d68fd7e764693d68fd7e768693d68', '693d68fd405db693d68fd405dd693d68', 'طلا'),
('693d68fd83f84693d68fd83f88693d68', '693d68fd405db693d68fd405dd693d68', 'برنج'),
('693d68fd8aa59693d68fd8aa5d693d68', '693d68fd405db693d68fd405dd693d68', 'استیل ضد زنگ'),
('693d68fd92ca7693d68fd92cb4693d68', '693d68fd405db693d68fd405dd693d68', 'برنج'),
('693d68fe2c4e4693d68fe2c4e8693d68', '693d68fdd45b7693d68fdd45b9693d68', 'چرم طبیعی'),
('693d68fe33382693d68fe33386693d68', '693d68fdd45b7693d68fdd45b9693d68', 'طلا'),
('693d68fe3d5e9693d68fe3d5ec693d68', '693d68fdd45b7693d68fdd45b9693d68', 'رزین'),
('693d68fea5292693d68fea5296693d68', '693d68fe5bbb4693d68fe5bbb6693d68', 'چرم مصنوعی'),
('693d68feab42e693d68feab431693d68', '693d68fe5bbb4693d68fe5bbb6693d68', 'طلا'),
('693d68feb8ee8693d68feb8eed693d68', '693d68fe5bbb4693d68fe5bbb6693d68', 'کریستال'),
('693d68febf190693d68febf193693d68', '693d68fe5bbb4693d68fe5bbb6693d68', 'استیل ضد زنگ'),
('693d68fec9cbb693d68fec9cbf693d68', '693d68fe5bbb4693d68fe5bbb6693d68', 'مس'),
('693d68feda1e7693d68feda1eb693d68', '693d68fe5bbb4693d68fe5bbb6693d68', 'کریستال'),
('693d68fee2355693d68fee2359693d68', '693d68fe5bbb4693d68fe5bbb6693d68', 'چرم طبیعی'),
('693d68fee8506693d68fee850a693d68', '693d68fe5bbb4693d68fe5bbb6693d68', 'چرم طبیعی'),
('693d69000c7cc693d69000c7cf693d69', '693d68ff55b24693d68ff55b26693d68', 'طلا'),
('693d69001ae25693d69001ae2a693d69', '693d68ff55b24693d68ff55b26693d68', 'چرم مصنوعی'),
('693d690020664693d690020668693d69', '693d68ff55b24693d68ff55b26693d68', 'طلا'),
('693d690027145693d690027153693d69', '693d68ff55b24693d68ff55b26693d68', 'مس'),
('693d69002d2f0693d69002d2f3693d69', '693d68ff55b24693d68ff55b26693d68', 'چرم طبیعی'),
('693d690032a5d693d690032a77693d69', '693d68ff55b24693d68ff55b26693d68', 'مس'),
('693d69003765d693d690037661693d69', '693d68ff55b24693d68ff55b26693d68', 'مس'),
('693d690043aa1693d690043aaf693d69', '693d68ff55b24693d68ff55b26693d68', 'رزین'),
('693d69005123b693d69005123f693d69', '693d68ff55b24693d68ff55b26693d68', 'نقره'),
('693d69016fd11693d69016fd15693d69', '693d6900a5e5b693d6900a5e5d693d69', 'رزین'),
('693d6901767bf693d6901767c3693d69', '693d6900a5e5b693d6900a5e5d693d69', 'رزین'),
('693d690180ad7693d690180adb693d69', '693d6900a5e5b693d6900a5e5d693d69', 'مس'),
('693d690188ced693d690188cf0693d69', '693d6900a5e5b693d6900a5e5d693d69', 'چرم طبیعی'),
('693d69019504c693d690195051693d69', '693d6900a5e5b693d6900a5e5d693d69', 'مروارید'),
('693d69019a787693d69019a796693d69', '693d6900a5e5b693d6900a5e5d693d69', 'چرم مصنوعی'),
('693d690232c6f693d690232c72693d69', '693d6901e7574693d6901e7576693d69', 'چرم طبیعی'),
('693d6902397d0693d6902397d4693d69', '693d6901e7574693d6901e7576693d69', 'چرم مصنوعی'),
('693d690240fc0693d690240fc4693d69', '693d6901e7574693d6901e7576693d69', 'طلا'),
('693d690247bab693d690247bae693d69', '693d6901e7574693d6901e7576693d69', 'استیل ضد زنگ'),
('693d69025c2a5693d69025c2a9693d69', '693d6901e7574693d6901e7576693d69', 'رزین'),
('693d69026dbef693d69026dbf3693d69', '693d6901e7574693d6901e7576693d69', 'مس'),
('693d69027eb11693d69027eb16693d69', '693d6901e7574693d6901e7576693d69', 'کریستال'),
('693d6902acdcf693d6902acdd3693d69', '693d6902a07b3693d6902a07b5693d69', 'کریستال'),
('693d6902b398f693d6902b3993693d69', '693d6902a07b3693d6902a07b5693d69', 'برنج'),
('693d69030e1d3693d69030e1d7693d69', '693d6902ce1c1693d6902ce1c3693d69', 'طلا'),
('693d6903150a4693d6903150a8693d69', '693d6902ce1c1693d6902ce1c3693d69', 'طلا'),
('693d690322764693d690322769693d69', '693d6902ce1c1693d6902ce1c3693d69', 'چرم طبیعی'),
('693d69032968c693d690329694693d69', '693d6902ce1c1693d6902ce1c3693d69', 'برنج'),
('693d690339af4693d690339af9693d69', '693d6902ce1c1693d6902ce1c3693d69', 'طلا'),
('693d69034302d693d690343032693d69', '693d6902ce1c1693d6902ce1c3693d69', 'رزین'),
('693d6903d65ac693d6903d65b0693d69', '693d690393af2693d690393af4693d69', 'مروارید'),
('693d69045c508693d69045c50b693d69', '693d690426d5b693d690426d5d693d69', 'چرم طبیعی'),
('693d690462d75693d690462d81693d69', '693d690426d5b693d690426d5d693d69', 'برنج'),
('693d690468859693d690468865693d69', '693d690426d5b693d690426d5d693d69', 'کریستال'),
('693d690474bad693d690474bba693d69', '693d690426d5b693d690426d5d693d69', 'چرم مصنوعی'),
('693d69047b61c693d69047b620693d69', '693d690426d5b693d690426d5d693d69', 'برنج'),
('693d690482fcf693d690482fdc693d69', '693d690426d5b693d690426d5d693d69', 'مس'),
('693d690497561693d690497565693d69', '693d690426d5b693d690426d5d693d69', 'رزین'),
('693d6904a79d4693d6904a79d9693d69', '693d690426d5b693d690426d5d693d69', 'نقره'),
('693d69053c022693d69053c028693d69', '693d6904e70c9693d6904e70cb693d69', 'استیل ضد زنگ'),
('693d690541f53693d690541f57693d69', '693d6904e70c9693d6904e70cb693d69', 'مروارید'),
('693d69054d57c693d69054d57e693d69', '693d6904e70c9693d6904e70cb693d69', 'کریستال'),
('693d6905522c6693d6905522c9693d69', '693d6904e70c9693d6904e70cb693d69', 'مروارید'),
('693d69055c77e693d69055c783693d69', '693d6904e70c9693d6904e70cb693d69', 'مروارید'),
('693d690561af2693d690561af6693d69', '693d6904e70c9693d6904e70cb693d69', 'استیل ضد زنگ'),
('693d6905975ef693d6905975f4693d69', '693d690579981693d690579983693d69', 'استیل ضد زنگ'),
('693d69059ca53693d69059ca57693d69', '693d690579981693d690579983693d69', 'چرم طبیعی'),
('693d6905a396d693d6905a3972693d69', '693d690579981693d690579983693d69', 'رزین'),
('693d6905a8dbd693d6905a8dc1693d69', '693d690579981693d690579983693d69', 'چرم طبیعی'),
('693d6905b1d42693d6905b1d4f693d69', '693d690579981693d690579983693d69', 'نقره'),
('693d6905c01fa693d6905c0200693d69', '693d690579981693d690579983693d69', 'طلا'),
('693d6905d5b1a693d6905d5b27693d69', '693d690579981693d690579983693d69', 'کریستال'),
('693d69060f3ab693d69060f3af693d69', '693d690579981693d690579983693d69', 'برنج'),
('693d69072aafd693d69072ab02693d69', '693d6906b8fee693d6906b8fef693d69', 'کریستال'),
('693d690732e9d693d690732ea2693d69', '693d6906b8fee693d6906b8fef693d69', 'رزین'),
('693d690737d56693d690737d64693d69', '693d6906b8fee693d6906b8fef693d69', 'برنج'),
('693d6907c53c1693d6907c53c5693d69', '693d6907acda9693d6907acdab693d69', 'مروارید'),
('693d6907cc5a6693d6907cc5ab693d69', '693d6907acda9693d6907acdab693d69', 'برنج'),
('693d6907d18f1693d6907d18f6693d69', '693d6907acda9693d6907acdab693d69', 'رزین'),
('693d6907d6c76693d6907d6c7a693d69', '693d6907acda9693d6907acdab693d69', 'چرم مصنوعی');

-- --------------------------------------------------------

--
-- Table structure for table `dibas_products_size`
--

CREATE TABLE `dibas_products_size` (
  `id` varchar(32) NOT NULL,
  `product` varchar(32) NOT NULL,
  `size` varchar(32) NOT NULL
) ENGINE=InnoDB DEFAULT CHARSET=utf8mb4 COLLATE=utf8mb4_general_ci;

--
-- Dumping data for table `dibas_products_size`
--

INSERT INTO `dibas_products_size` (`id`, `product`, `size`) VALUES
('693d68cdc1cd9693d68cdc1cdd693d68', '693d68ccdba01693d68ccdba03693d68', 'سایز 3'),
('693d68cdd41b9693d68cdd41bd693d68', '693d68ccdba01693d68ccdba03693d68', 'کوچک'),
('693d68cfe476b693d68cfe476f693d68', '693d68cde5689693d68cde568c693d68', 'سایز 1'),
('693d68d00096d693d68d000971693d68', '693d68cde5689693d68cde568c693d68', 'خیلی کوچک'),
('693d68d09319d693d68d0931a2693d68', '693d68d01358c693d68d01358e693d68', 'سایز 1'),
('693d68d0a1549693d68d0a154e693d68', '693d68d01358c693d68d01358e693d68', 'سایز 2'),
('693d68d0af97a693d68d0af97f693d68', '693d68d01358c693d68d01358e693d68', 'سایز 2'),
('693d68d0bdd74693d68d0bdd81693d68', '693d68d01358c693d68d01358e693d68', 'کوچک'),
('693d68d0d2314693d68d0d2318693d68', '693d68d01358c693d68d01358e693d68', 'خیلی کوچک'),
('693d68d0f0b3c693d68d0f0b40693d68', '693d68d01358c693d68d01358e693d68', 'بزرگ'),
('693d68d1d4417693d68d1d441b693d68', '693d68d1117f1693d68d1117f3693d68', 'سایز 2'),
('693d68d1e27b8693d68d1e27bc693d68', '693d68d1117f1693d68d1117f3693d68', 'قابل تنظیم'),
('693d68d20cdda693d68d20cddf693d68', '693d68d1117f1693d68d1117f3693d68', 'سایز 3'),
('693d68d21b205693d68d21b209693d68', '693d68d1117f1693d68d1117f3693d68', 'قابل تنظیم'),
('693d68d22959f693d68d2295a4693d68', '693d68d1117f1693d68d1117f3693d68', 'قابل تنظیم'),
('693d68d241c88693d68d241c96693d68', '693d68d1117f1693d68d1117f3693d68', 'خیلی کوچک'),
('693d68d250042693d68d250047693d68', '693d68d1117f1693d68d1117f3693d68', 'سایز 1'),
('693d68d2994a2693d68d2994b5693d68', '693d68d261d63693d68d261d65693d68', 'فری سایز'),
('693d68d2a783c693d68d2a7841693d68', '693d68d261d63693d68d261d65693d68', 'قابل تنظیم'),
('693d68d2b5c69693d68d2b5c77693d68', '693d68d261d63693d68d261d65693d68', 'بزرگ'),
('693d68d2e2861693d68d2e2865693d68', '693d68d261d63693d68d261d65693d68', 'قابل تنظیم'),
('693d68d302c09693d68d302c0e693d68', '693d68d261d63693d68d261d65693d68', 'فری سایز'),
('693d68d31f3d9693d68d31f3dd693d68', '693d68d261d63693d68d261d65693d68', 'سایز 1'),
('693d68d33bb92693d68d33bb96693d68', '693d68d261d63693d68d261d65693d68', 'سایز 1'),
('693d68d399569693d68d399578693d68', '693d68d34c779693d68d34c77a693d68', 'سایز 2'),
('693d68d3a78b4693d68d3a78b9693d68', '693d68d34c779693d68d34c77a693d68', 'خیلی کوچک'),
('693d68d3b5cc5693d68d3b5cc9693d68', '693d68d34c779693d68d34c77a693d68', 'فری سایز'),
('693d68d3c4063693d68d3c4067693d68', '693d68d34c779693d68d34c77a693d68', 'بزرگ'),
('693d68d3d248a693d68d3d248f693d68', '693d68d34c779693d68d34c77a693d68', 'سایز 2'),
('693d68d3e0858693d68d3e085c693d68', '693d68d34c779693d68d34c77a693d68', 'خیلی کوچک'),
('693d68d4eecfd693d68d4eed02693d68', '693d68d3f321e693d68d3f3220693d68', 'خیلی کوچک'),
('693d68d508e74693d68d508e78693d68', '693d68d3f321e693d68d3f3220693d68', 'سایز 2'),
('693d68d517240693d68d517244693d68', '693d68d3f321e693d68d3f3220693d68', 'خیلی بزرگ'),
('693d68d52560f693d68d525613693d68', '693d68d3f321e693d68d3f3220693d68', 'متوسط'),
('693d68d533a05693d68d533a13693d68', '693d68d3f321e693d68d3f3220693d68', 'فری سایز'),
('693d68d541de4693d68d541de9693d68', '693d68d3f321e693d68d3f3220693d68', 'سایز 2'),
('693d68d5501e2693d68d5501e6693d68', '693d68d3f321e693d68d3f3220693d68', 'قابل تنظیم'),
('693d68d56ea66693d68d56ea6b693d68', '693d68d3f321e693d68d3f3220693d68', 'کوچک'),
('693d68d57adac693d68d57adb0693d68', '693d68d3f321e693d68d3f3220693d68', 'فری سایز'),
('693d68d6c015a693d68d6c0167693d68', '693d68d589661693d68d589663693d68', 'سایز 1'),
('693d68d6ce4f2693d68d6ce4f7693d68', '693d68d589661693d68d589663693d68', 'سایز 3'),
('693d68d70181b693d68d70181f693d68', '693d68d589661693d68d589663693d68', 'فری سایز'),
('693d68d7d67e0693d68d7d67e4693d68', '693d68d72da3c693d68d72da3e693d68', 'سایز 3'),
('693d68d7e4c05693d68d7e4c09693d68', '693d68d72da3c693d68d72da3e693d68', 'سایز 1'),
('693d68d7f2f82693d68d7f2f86693d68', '693d68d72da3c693d68d72da3e693d68', 'خیلی کوچک'),
('693d68d80d1c1693d68d80d1ce693d68', '693d68d72da3c693d68d72da3e693d68', 'قابل تنظیم'),
('693d68d81948b693d68d819490693d68', '693d68d72da3c693d68d72da3e693d68', 'خیلی کوچک'),
('693d68d827878693d68d827885693d68', '693d68d72da3c693d68d72da3e693d68', 'کوچک'),
('693d68d8f2f3f693d68d8f2f44693d68', '693d68d72da3c693d68d72da3e693d68', 'خیلی بزرگ'),
('693d68d939ded693d68d939df2693d68', '693d68d72da3c693d68d72da3e693d68', 'فری سایز'),
('693d68dc00d0d693d68dc00d11693d68', '693d68d956116693d68d956118693d68', 'کوچک'),
('693d68dc134ea693d68dc134ef693d68', '693d68d956116693d68d956118693d68', 'خیلی کوچک'),
('693d68dce0d53693d68dce0d57693d68', '693d68dc26ee4693d68dc26ee6693d68', 'بزرگ'),
('693d68ddf32ba693d68ddf32be693d68', '693d68dcf3684693d68dcf3685693d68', 'سایز 1'),
('693d68de0d442693d68de0d446693d68', '693d68dcf3684693d68dcf3685693d68', 'سایز 3'),
('693d68df3c1c5693d68df3c1ca693d68', '693d68de1e0dc693d68de1e0de693d68', 'فری سایز'),
('693d68df4a58e693d68df4a593693d68', '693d68de1e0dc693d68de1e0de693d68', 'سایز 2'),
('693d68df5ca8c693d68df5ca90693d68', '693d68de1e0dc693d68de1e0de693d68', 'قابل تنظیم'),
('693d68df6ced1693d68df6ced6693d68', '693d68de1e0dc693d68de1e0de693d68', 'متوسط'),
('693d68df89692693d68df89697693d68', '693d68de1e0dc693d68de1e0de693d68', 'قابل تنظیم'),
('693d68dfae100693d68dfae105693d68', '693d68de1e0dc693d68de1e0de693d68', 'سایز 2'),
('693d68e0b01c3693d68e0b01d0693d68', '693d68de1e0dc693d68de1e0de693d68', 'خیلی بزرگ'),
('693d68e289873693d68e289881693d68', '693d68e103bc2693d68e103bc4693d68', 'سایز 2'),
('693d68e297c21693d68e297c25693d68', '693d68e103bc2693d68e103bc4693d68', 'سایز 2'),
('693d68e2a604b693d68e2a604f693d68', '693d68e103bc2693d68e103bc4693d68', 'خیلی کوچک'),
('693d68e2b445a693d68e2b445e693d68', '693d68e103bc2693d68e103bc4693d68', 'بزرگ'),
('693d68e2c27f4693d68e2c27f8693d68', '693d68e103bc2693d68e103bc4693d68', 'خیلی بزرگ'),
('693d68e2d0bb3693d68e2d0bb7693d68', '693d68e103bc2693d68e103bc4693d68', 'بزرگ'),
('693d68e2defbd693d68e2defc1693d68', '693d68e103bc2693d68e103bc4693d68', 'فری سایز'),
('693d68e4075c5693d68e4075c9693d68', '693d68e2f2891693d68e2f2893693d68', 'خیلی بزرگ'),
('693d68e430ed6693d68e430edb693d68', '693d68e2f2891693d68e2f2893693d68', 'بزرگ'),
('693d68e44674e693d68e446752693d68', '693d68e2f2891693d68e2f2893693d68', 'سایز 2'),
('693d68e61dd1e693d68e61dd2c693d68', '693d68e456fe0693d68e456fe1693d68', 'کوچک'),
('693d68e62c0f2693d68e62c0f7693d68', '693d68e456fe0693d68e456fe1693d68', 'سایز 3'),
('693d68e63a502693d68e63a506693d68', '693d68e456fe0693d68e456fe1693d68', 'سایز 1'),
('693d68e6bcb15693d68e6bcb1a693d68', '693d68e456fe0693d68e456fe1693d68', 'قابل تنظیم'),
('693d68e875375693d68e87537a693d68', '693d68e70b8bc693d68e70b8bd693d68', 'خیلی کوچک'),
('693d68eac0ba8693d68eac0bac693d68', '693d68e89bc45693d68e89bc47693d68', 'بزرگ'),
('693d68eacef9d693d68eacefa1693d68', '693d68e89bc45693d68e89bc47693d68', 'سایز 1'),
('693d68eae1467693d68eae146c693d68', '693d68e89bc45693d68e89bc47693d68', 'سایز 3'),
('693d68ec2a395693d68ec2a39a693d68', '693d68eb0100f693d68eb01012693d68', 'سایز 1'),
('693d68ec38778693d68ec3877c693d68', '693d68eb0100f693d68eb01012693d68', 'سایز 2'),
('693d68ec46b51693d68ec46b55693d68', '693d68eb0100f693d68eb01012693d68', 'سایز 2'),
('693d68ec54f3d693d68ec54f41693d68', '693d68eb0100f693d68eb01012693d68', 'بزرگ'),
('693d68ec63328693d68ec6332c693d68', '693d68eb0100f693d68eb01012693d68', 'خیلی بزرگ'),
('693d68edf40e9693d68edf40ed693d68', '693d68ec74726693d68ec74728693d68', 'سایز 1'),
('693d68ef076d7693d68ef076dc693d68', '693d68ee274ff693d68ee27501693d68', 'سایز 1'),
('693d68ef0dcde693d68ef0dce1693d68', '693d68ee274ff693d68ee27501693d68', 'سایز 2'),
('693d68ef13ed8693d68ef13edc693d68', '693d68ee274ff693d68ee27501693d68', 'قابل تنظیم'),
('693d68ef1a0a2693d68ef1a0a6693d68', '693d68ee274ff693d68ee27501693d68', 'کوچک'),
('693d68ef34459693d68ef3445d693d68', '693d68ee274ff693d68ee27501693d68', 'خیلی بزرگ'),
('693d68ef3a4af693d68ef3a4bc693d68', '693d68ee274ff693d68ee27501693d68', 'سایز 2'),
('693d68efc0e2b693d68efc0e2f693d68', '693d68ef4bd7f693d68ef4bd81693d68', 'سایز 1'),
('693d68efc6fc7693d68efc6fcb693d68', '693d68ef4bd7f693d68ef4bd81693d68', 'سایز 1'),
('693d68efcd1c0693d68efcd1c4693d68', '693d68ef4bd7f693d68ef4bd81693d68', 'خیلی کوچک'),
('693d68f067659693d68f06765d693d68', '693d68efdb8be693d68efdb8bf693d68', 'متوسط'),
('693d68f06d80e693d68f06d812693d68', '693d68efdb8be693d68efdb8bf693d68', 'متوسط'),
('693d68f0b8cab693d68f0b8cba693d68', '693d68f077aa8693d68f077aaa693d68', 'فری سایز'),
('693d68f0bee40693d68f0bee44693d68', '693d68f077aa8693d68f077aaa693d68', 'سایز 3'),
('693d68f0c500d693d68f0c5010693d68', '693d68f077aa8693d68f077aaa693d68', 'کوچک'),
('693d68f0cb1dd693d68f0cb1e2693d68', '693d68f077aa8693d68f077aaa693d68', 'فری سایز'),
('693d68f0d139b693d68f0d139f693d68', '693d68f077aa8693d68f077aaa693d68', 'فری سایز'),
('693d68f0d753e693d68f0d7542693d68', '693d68f077aa8693d68f077aaa693d68', 'فری سایز'),
('693d68f0dd6a7693d68f0dd6b4693d68', '693d68f077aa8693d68f077aaa693d68', 'کوچک'),
('693d68f0e3841693d68f0e3844693d68', '693d68f077aa8693d68f077aaa693d68', 'خیلی بزرگ'),
('693d68f0ebac9693d68f0ebace693d68', '693d68f077aa8693d68f077aaa693d68', 'سایز 2'),
('693d68f1d0ee8693d68f1d0eed693d68', '693d68f1026e0693d68f1026e2693d68', 'کوچک'),
('693d68f1d763d693d68f1d7641693d68', '693d68f1026e0693d68f1026e2693d68', 'خیلی بزرگ'),
('693d68f1dd7d2693d68f1dd7d6693d68', '693d68f1026e0693d68f1026e2693d68', 'سایز 3'),
('693d68f1e394d693d68f1e3951693d68', '693d68f1026e0693d68f1026e2693d68', 'کوچک'),
('693d68f298585693d68f298588693d68', '693d68f1efea2693d68f1efea4693d68', 'بزرگ'),
('693d68f2a07ee693d68f2a07f2693d68', '693d68f1efea2693d68f1efea4693d68', 'خیلی بزرگ'),
('693d68f2a6a9f693d68f2a6aac693d68', '693d68f1efea2693d68f1efea4693d68', 'قابل تنظیم'),
('693d68f2aebf8693d68f2aebfd693d68', '693d68f1efea2693d68f1efea4693d68', 'بزرگ'),
('693d68f2baf49693d68f2baf4d693d68', '693d68f1efea2693d68f1efea4693d68', 'خیلی کوچک'),
('693d68f338cc8693d68f338cce693d68', '693d68f2d3714693d68f2d3716693d68', 'قابل تنظیم'),
('693d68f343aa3693d68f343aa7693d68', '693d68f2d3714693d68f2d3716693d68', 'سایز 3'),
('693d68f349174693d68f349179693d68', '693d68f2d3714693d68f2d3716693d68', 'قابل تنظیم'),
('693d68f34f2c1693d68f34f2c5693d68', '693d68f2d3714693d68f2d3716693d68', 'خیلی بزرگ'),
('693d68f477ec0693d68f477ec4693d68', '693d68f3578d0693d68f3578d1693d68', 'خیلی کوچک'),
('693d68f48420b693d68f48420f693d68', '693d68f3578d0693d68f3578d1693d68', 'بزرگ'),
('693d68f48e4d2693d68f48e4d6693d68', '693d68f3578d0693d68f3578d1693d68', 'قابل تنظیم'),
('693d68f4987c4693d68f4987c8693d68', '693d68f3578d0693d68f3578d1693d68', 'کوچک'),
('693d68f49e210693d68f49e213693d68', '693d68f3578d0693d68f3578d1693d68', 'سایز 2'),
('693d68f4a866f693d68f4a8673693d68', '693d68f3578d0693d68f3578d1693d68', 'قابل تنظیم'),
('693d68f4aeda5693d68f4aeda8693d68', '693d68f3578d0693d68f3578d1693d68', 'قابل تنظیم'),
('693d68f56b521693d68f56b525693d68', '693d68f4b7e18693d68f4b7e1a693d68', 'فری سایز'),
('693d68f5ebf70693d68f5ebf7e693d68', '693d68f5752f2693d68f5752f4693d68', 'کوچک'),
('693d68f6376ab693d68f6376af693d68', '693d68f5752f2693d68f5752f4693d68', 'سایز 1'),
('693d68f6658d9693d68f6658dd693d68', '693d68f5752f2693d68f5752f4693d68', 'کوچک'),
('693d68f75f591693d68f75f595693d68', '693d68f69199c693d68f69199e693d68', 'قابل تنظیم'),
('693d68f77a31f693d68f77a323693d68', '693d68f69199c693d68f69199e693d68', 'متوسط'),
('693d68f7996b2693d68f7996b6693d68', '693d68f69199c693d68f69199e693d68', 'خیلی بزرگ'),
('693d68f7a2b5c693d68f7a2b61693d68', '693d68f69199c693d68f69199e693d68', 'خیلی کوچک'),
('693d68f7ab90b693d68f7ab90f693d68', '693d68f69199c693d68f69199e693d68', 'بزرگ'),
('693d68f7bb3f1693d68f7bb3f6693d68', '693d68f69199c693d68f69199e693d68', 'فری سایز'),
('693d68f7c14af693d68f7c14b3693d68', '693d68f69199c693d68f69199e693d68', 'کوچک'),
('693d68f7cd820693d68f7cd825693d68', '693d68f69199c693d68f69199e693d68', 'فری سایز'),
('693d68f7d31aa693d68f7d31b7693d68', '693d68f69199c693d68f69199e693d68', 'خیلی بزرگ'),
('693d68f81e8a9693d68f81e8ac693d68', '693d68f7def1e693d68f7def20693d68', 'خیلی کوچک'),
('693d68f824a93693d68f824aa2693d68', '693d68f7def1e693d68f7def20693d68', 'خیلی بزرگ'),
('693d68f82ccac693d68f82ccb0693d68', '693d68f7def1e693d68f7def20693d68', 'سایز 2'),
('693d68f834f2a693d68f834f2e693d68', '693d68f7def1e693d68f7def20693d68', 'کوچک'),
('693d68f83d128693d68f83d12c693d68', '693d68f7def1e693d68f7def20693d68', 'فری سایز'),
('693d68f8432d9693d68f8432dd693d68', '693d68f7def1e693d68f7def20693d68', 'خیلی کوچک'),
('693d68f84b526693d68f84b52a693d68', '693d68f7def1e693d68f7def20693d68', 'متوسط'),
('693d68f8516dd693d68f8516ea693d68', '693d68f7def1e693d68f7def20693d68', 'کوچک'),
('693d68f85786e693d68f857872693d68', '693d68f7def1e693d68f7def20693d68', 'سایز 1'),
('693d68f85da17693d68f85da1b693d68', '693d68f7def1e693d68f7def20693d68', 'فری سایز'),
('693d68f912607693d68f91260c693d68', '693d68f86ae3c693d68f86ae3f693d68', 'سایز 2'),
('693d68f91e981693d68f91e985693d68', '693d68f86ae3c693d68f86ae3f693d68', 'خیلی بزرگ'),
('693d68f926bbc693d68f926bc0693d68', '693d68f86ae3c693d68f86ae3f693d68', 'بزرگ'),
('693d68f92cd7c693d68f92cd81693d68', '693d68f86ae3c693d68f86ae3f693d68', 'سایز 1'),
('693d68f932f26693d68f932f2b693d68', '693d68f86ae3c693d68f86ae3f693d68', 'خیلی کوچک'),
('693d68f9390bd693d68f9390c1693d68', '693d68f86ae3c693d68f86ae3f693d68', 'سایز 2'),
('693d68f93f236693d68f93f239693d68', '693d68f86ae3c693d68f86ae3f693d68', 'سایز 2'),
('693d68f94754e693d68f947553693d68', '693d68f86ae3c693d68f86ae3f693d68', 'خیلی بزرگ'),
('693d68f9a574a693d68f9a574f693d68', '693d68f951425693d68f951427693d68', 'متوسط'),
('693d68f9efaef693d68f9efaf4693d68', '693d68f951425693d68f951427693d68', 'کوچک'),
('693d68fa62cb7693d68fa62cbb693d68', '693d68fa21f97693d68fa21f99693d68', 'سایز 1'),
('693d68fa69f04693d68fa69f08693d68', '693d68fa21f97693d68fa21f99693d68', 'خیلی کوچک'),
('693d68fa73a7f693d68fa73a8c693d68', '693d68fa21f97693d68fa21f99693d68', 'خیلی بزرگ'),
('693d68fa7a3c6693d68fa7a3ca693d68', '693d68fa21f97693d68fa21f99693d68', 'خیلی کوچک'),
('693d68fa85ede693d68fa85ee2693d68', '693d68fa21f97693d68fa21f99693d68', 'متوسط'),
('693d68fa8e93f693d68fa8e943693d68', '693d68fa21f97693d68fa21f99693d68', 'سایز 1'),
('693d68fb73667693d68fb7366b693d68', '693d68fa9a8e0693d68fa9a8e2693d68', 'سایز 3'),
('693d68fba721b693d68fba7220693d68', '693d68fa9a8e0693d68fa9a8e2693d68', 'کوچک'),
('693d68fbd8372693d68fbd8377693d68', '693d68fa9a8e0693d68fa9a8e2693d68', 'فری سایز'),
('693d68fbe40ee693d68fbe40f3693d68', '693d68fa9a8e0693d68fa9a8e2693d68', 'سایز 1'),
('693d68fbee3e8693d68fbee3ed693d68', '693d68fa9a8e0693d68fa9a8e2693d68', 'خیلی کوچک'),
('693d68fbf3d9b693d68fbf3d9f693d68', '693d68fa9a8e0693d68fa9a8e2693d68', 'خیلی کوچک'),
('693d68fc0651d693d68fc06521693d68', '693d68fa9a8e0693d68fa9a8e2693d68', 'بزرگ'),
('693d68fca50a8693d68fca50ab693d68', '693d68fc150f2693d68fc150f4693d68', 'متوسط'),
('693d68fcaaabc693d68fcaaac1693d68', '693d68fc150f2693d68fc150f4693d68', 'سایز 3'),
('693d68fcb1413693d68fcb1416693d68', '693d68fc150f2693d68fc150f4693d68', 'سایز 1'),
('693d68fccb82f693d68fccb834693d68', '693d68fc150f2693d68fc150f4693d68', 'کوچک'),
('693d68fcd7e7d693d68fcd7e81693d68', '693d68fc150f2693d68fc150f4693d68', 'سایز 3'),
('693d68fd2aff3693d68fd2aff6693d68', '693d68fce5296693d68fce5298693d68', 'سایز 1'),
('693d68fd30889693d68fd3088d693d68', '693d68fce5296693d68fce5298693d68', 'سایز 3'),
('693d68fd3733e693d68fd37342693d68', '693d68fce5296693d68fce5298693d68', 'خیلی کوچک'),
('693d68fd98e59693d68fd98e5d693d68', '693d68fd405db693d68fd405dd693d68', 'سایز 3'),
('693d68fda10cc693d68fda10d1693d68', '693d68fd405db693d68fd405dd693d68', 'سایز 2'),
('693d68fda72b4693d68fda72c1693d68', '693d68fd405db693d68fd405dd693d68', 'خیلی کوچک'),
('693d68fdaeb18693d68fdaeb1b693d68', '693d68fd405db693d68fd405dd693d68', 'بزرگ'),
('693d68fdb567b693d68fdb567f693d68', '693d68fd405db693d68fd405dd693d68', 'فری سایز'),
('693d68fdbcf03693d68fdbcf06693d68', '693d68fd405db693d68fd405dd693d68', 'سایز 1'),
('693d68fe437d5693d68fe437d9693d68', '693d68fdd45b7693d68fdd45b9693d68', 'سایز 3'),
('693d68fe49961693d68fe49964693d68', '693d68fdd45b7693d68fdd45b9693d68', 'بزرگ'),
('693d68fe4fb23693d68fe4fb26693d68', '693d68fdd45b7693d68fdd45b9693d68', 'قابل تنظیم'),
('693d68feefdc7693d68feefdca693d68', '693d68fe5bbb4693d68fe5bbb6693d68', 'کوچک'),
('693d68ff026df693d68ff026e3693d68', '693d68fe5bbb4693d68fe5bbb6693d68', 'بزرگ'),
('693d68ff0c987693d68ff0c98b693d68', '693d68fe5bbb4693d68fe5bbb6693d68', 'فری سایز'),
('693d68ff1ee76693d68ff1ee7a693d68', '693d68fe5bbb4693d68fe5bbb6693d68', 'فری سایز'),
('693d68ff2501a693d68ff2501f693d68', '693d68fe5bbb4693d68fe5bbb6693d68', 'سایز 3'),
('693d68ff2d253693d68ff2d257693d68', '693d68fe5bbb4693d68fe5bbb6693d68', 'سایز 1'),
('693d68ff354a8693d68ff354ac693d68', '693d68fe5bbb4693d68fe5bbb6693d68', 'سایز 1'),
('693d68ff3f771693d68ff3f775693d68', '693d68fe5bbb4693d68fe5bbb6693d68', 'متوسط'),
('693d68ff49a3d693d68ff49a40693d68', '693d68fe5bbb4693d68fe5bbb6693d68', 'بزرگ'),
('693d690057f0d693d690057f11693d69', '693d68ff55b24693d68ff55b26693d68', 'بزرگ'),
('693d690065831693d690065836693d69', '693d68ff55b24693d68ff55b26693d68', 'متوسط'),
('693d69006c469693d69006c46c693d69', '693d68ff55b24693d68ff55b26693d68', 'کوچک'),
('693d690074810693d690074814693d69', '693d68ff55b24693d68ff55b26693d68', 'کوچک'),
('693d690079f09693d690079f16693d69', '693d68ff55b24693d68ff55b26693d68', 'سایز 3'),
('693d690088d21693d690088d25693d69', '693d68ff55b24693d68ff55b26693d68', 'خیلی کوچک'),
('693d69008e493693d69008e497693d69', '693d68ff55b24693d68ff55b26693d68', 'سایز 3'),
('693d69009b17b693d69009b17f693d69', '693d68ff55b24693d68ff55b26693d68', 'خیلی بزرگ'),
('693d6901a3460693d6901a3464693d69', '693d6900a5e5b693d6900a5e5d693d69', 'کوچک'),
('693d6901a8b33693d6901a8b37693d69', '693d6900a5e5b693d6900a5e5d693d69', 'بزرگ'),
('693d6901af7ac693d6901af7b0693d69', '693d6900a5e5b693d6900a5e5d693d69', 'سایز 2'),
('693d6901b4ea7693d6901b4eab693d69', '693d6900a5e5b693d6900a5e5d693d69', 'سایز 2'),
('693d6901bbad4693d6901bbad8693d69', '693d6900a5e5b693d6900a5e5d693d69', 'خیلی کوچک'),
('693d6901c11f8693d6901c11fc693d69', '693d6900a5e5b693d6900a5e5d693d69', 'فری سایز'),
('693d6901c7e0f693d6901c7e13693d69', '693d6900a5e5b693d6900a5e5d693d69', 'قابل تنظیم'),
('693d6901d0fc0693d6901d0fc4693d69', '693d6900a5e5b693d6900a5e5d693d69', 'قابل تنظیم'),
('693d6901d8282693d6901d8285693d69', '693d6900a5e5b693d6900a5e5d693d69', 'خیلی بزرگ'),
('693d69028e54f693d69028e553693d69', '693d6901e7574693d6901e7576693d69', 'سایز 1'),
('693d690295105693d69029510a693d69', '693d6901e7574693d6901e7576693d69', 'قابل تنظیم'),
('693d6902bbbe5693d6902bbbea693d69', '693d6902a07b3693d6902a07b5693d69', 'فری سایز'),
('693d69034bfdc693d69034bfe1693d69', '693d6902ce1c1693d6902ce1c3693d69', 'کوچک'),
('693d69035140f693d690351413693d69', '693d6902ce1c1693d6902ce1c3693d69', 'خیلی کوچک'),
('693d690358312693d690358315693d69', '693d6902ce1c1693d6902ce1c3693d69', 'متوسط'),
('693d69036c738693d69036c73d693d69', '693d6902ce1c1693d6902ce1c3693d69', 'خیلی بزرگ'),
('693d6903e499b693d6903e499f693d69', '693d690393af2693d690393af4693d69', 'سایز 3'),
('693d6903f00f2693d6903f00f6693d69', '693d690393af2693d690393af4693d69', 'خیلی کوچک'),
('693d690400bd8693d690400bdc693d69', '693d690393af2693d690393af4693d69', 'فری سایز'),
('693d6904061ff693d69040620c693d69', '693d690393af2693d690393af4693d69', 'قابل تنظیم'),
('693d69040ae96693d69040ae9a693d69', '693d690393af2693d690393af4693d69', 'خیلی بزرگ'),
('693d690414573693d690414577693d69', '693d690393af2693d690393af4693d69', 'فری سایز'),
('693d6904214eb693d6904214ef693d69', '693d690393af2693d690393af4693d69', 'سایز 1'),
('693d6904aeace693d6904aead2693d69', '693d690426d5b693d690426d5d693d69', 'کوچک'),
('693d6904c6225693d6904c6229693d69', '693d690426d5b693d690426d5d693d69', 'سایز 2'),
('693d69056fd8c693d69056fd8f693d69', '693d6904e70c9693d6904e70cb693d69', 'متوسط'),
('693d69062cc50693d69062cc54693d69', '693d690579981693d690579983693d69', 'کوچک'),
('693d690664a37693d690664a3c693d69', '693d690579981693d690579983693d69', 'بزرگ'),
('693d690670c18693d690670c1e693d69', '693d690579981693d690579983693d69', 'کوچک'),
('693d69067a0ce693d69067a0d3693d69', '693d690579981693d690579983693d69', 'متوسط'),
('693d69067f106693d69067f10a693d69', '693d690579981693d690579983693d69', 'خیلی کوچک'),
('693d6906851ad693d6906851b1693d69', '693d690579981693d690579983693d69', 'سایز 3'),
('693d69068e723693d69068e731693d69', '693d690579981693d690579983693d69', 'قابل تنظیم'),
('693d69069a3a2693d69069a3a6693d69', '693d690579981693d690579983693d69', 'متوسط'),
('693d6906a4680693d6906a4684693d69', '693d690579981693d690579983693d69', 'بزرگ'),
('693d6906a8d19693d6906a8d1d693d69', '693d690579981693d690579983693d69', 'کوچک'),
('693d69074d822693d69074d826693d69', '693d6906b8fee693d6906b8fef693d69', 'خیلی کوچک'),
('693d690784b4e693d690784b52693d69', '693d6906b8fee693d6906b8fef693d69', 'سایز 2'),
('693d69079170f693d690791714693d69', '693d6906b8fee693d6906b8fef693d69', 'سایز 2'),
('693d69079687c693d69079687f693d69', '693d6906b8fee693d6906b8fef693d69', 'سایز 2'),
('693d6907dc498693d6907dc49a693d69', '693d6907acda9693d6907acdab693d69', 'بزرگ'),
('693d6907e8df5693d6907e8df9693d69', '693d6907acda9693d6907acdab693d69', 'کوچک'),
('693d69080261b693d69080261f693d69', '693d6907acda9693d6907acdab693d69', 'سایز 3'),
('693d6908090aa693d6908090ac693d69', '693d6907acda9693d6907acdab693d69', 'کوچک'),
('693d69081082e693d690810833693d69', '693d6907acda9693d6907acdab693d69', 'خیلی بزرگ'),
('693d6908174c0693d6908174c4693d69', '693d6907acda9693d6907acdab693d69', 'فری سایز'),
('693d69081d678693d69081d67d693d69', '693d6907acda9693d6907acdab693d69', 'قابل تنظیم'),
('693d690823813693d690823817693d69', '693d6907acda9693d6907acdab693d69', 'سایز 1'),
('693d690829e83693d690829e90693d69', '693d6907acda9693d6907acdab693d69', 'خیلی کوچک'),
('693d690831c29693d690831c2d693d69', '693d6907acda9693d6907acdab693d69', 'سایز 2');

-- --------------------------------------------------------

--
-- Table structure for table `dibas_shopping_carts`
--

CREATE TABLE `dibas_shopping_carts` (
  `id` varchar(32) NOT NULL,
  `owner` varchar(32) NOT NULL,
  `product` varchar(32) NOT NULL,
  `product_color` varchar(32) NOT NULL,
  `product_size` varchar(32) NOT NULL,
  `product_material` varchar(32) NOT NULL,
  `count` int(11) NOT NULL,
  `created_at` datetime NOT NULL DEFAULT current_timestamp()
) ENGINE=InnoDB DEFAULT CHARSET=utf8mb4 COLLATE=utf8mb4_general_ci;

-- --------------------------------------------------------

--
-- Table structure for table `dibas_transactions`
--

CREATE TABLE `dibas_transactions` (
  `id` varchar(32) NOT NULL,
  `wallet` varchar(32) NOT NULL,
  `amount` decimal(12,2) NOT NULL,
  `type` tinyint(4) NOT NULL,
  `status` tinyint(4) NOT NULL,
  `created_at` datetime NOT NULL DEFAULT current_timestamp()
) ENGINE=InnoDB DEFAULT CHARSET=utf8mb4 COLLATE=utf8mb4_general_ci;

--
-- Indexes for dumped tables
--

--
-- Indexes for table `dibas_accounts`
--
ALTER TABLE `dibas_accounts`
  ADD PRIMARY KEY (`id`),
  ADD UNIQUE KEY `username` (`username`),
  ADD UNIQUE KEY `email` (`email`),
  ADD UNIQUE KEY `phone` (`phone`),
  ADD UNIQUE KEY `pangirno` (`pangirno`);

--
-- Indexes for table `dibas_accounts_confirm`
--
ALTER TABLE `dibas_accounts_confirm`
  ADD PRIMARY KEY (`id`),
  ADD KEY `user` (`user`);

--
-- Indexes for table `dibas_cart_sessions`
--
ALTER TABLE `dibas_cart_sessions`
  ADD PRIMARY KEY (`id`),
  ADD KEY `owner` (`owner`);

--
-- Indexes for table `dibas_orders`
--
ALTER TABLE `dibas_orders`
  ADD PRIMARY KEY (`id`),
  ADD KEY `owner` (`owner`),
  ADD KEY `provider` (`provider`);

--
-- Indexes for table `dibas_products`
--
ALTER TABLE `dibas_products`
  ADD PRIMARY KEY (`id`),
  ADD KEY `owner` (`owner`),
  ADD KEY `type` (`type`);

--
-- Indexes for table `dibas_products_color`
--
ALTER TABLE `dibas_products_color`
  ADD PRIMARY KEY (`id`),
  ADD KEY `product` (`product`);

--
-- Indexes for table `dibas_products_material`
--
ALTER TABLE `dibas_products_material`
  ADD PRIMARY KEY (`id`),
  ADD KEY `product` (`product`);

--
-- Indexes for table `dibas_products_size`
--
ALTER TABLE `dibas_products_size`
  ADD PRIMARY KEY (`id`),
  ADD KEY `product` (`product`);

--
-- Indexes for table `dibas_shopping_carts`
--
ALTER TABLE `dibas_shopping_carts`
  ADD PRIMARY KEY (`id`),
  ADD KEY `owner` (`owner`);

--
-- Indexes for table `dibas_transactions`
--
ALTER TABLE `dibas_transactions`
  ADD PRIMARY KEY (`id`),
  ADD KEY `wallet` (`wallet`);
COMMIT;

/*!40101 SET CHARACTER_SET_CLIENT=@OLD_CHARACTER_SET_CLIENT */;
/*!40101 SET CHARACTER_SET_RESULTS=@OLD_CHARACTER_SET_RESULTS */;
/*!40101 SET COLLATION_CONNECTION=@OLD_COLLATION_CONNECTION */;
